,trainingsizes,frames,masterframes,results,result_sums,mean,times,mini,result_q1,result_q2,result_q3,maxi
0,0,"[59, 62, 19, 62, 62, 73, 20, 33, 19, 62, 62, 35, 19, 19, 37, 62, 19, 65, 36, 38, 38, 37, 19, 62, 19, 19, 19, 45, 62, 62, 62, 19, 42, 62, 69, 98, 22, 25, 19, 62, 20, 19, 62, 40, 33, 19, 19, 38, 19, 19, 54, 19, 19, 62, 62, 62, 22, 62, 62, 37, 62, 62, 37, 35, 47, 38, 62, 98, 62, 19, 19, 62, 60, 19, 62, 31, 19, 62, 62, 62, 19, 19, 19, 19, 62, 62, 57, 38, 59, 35, 45, 44, 62, 62, 22, 19, 38, 19, 19, 38]",4211,"[-5.0, -5.0, -5.0, -5.0, -5.0, -5.0, -5.0, -5.0, -5.0, -5.0, -5.0, -5.0, -5.0, -5.0, -5.0, -5.0, -5.0, -5.0, -5.0, -5.0, -5.0, -5.0, -5.0, -5.0, -5.0]",-125.0,-5.0,1067,-5.0,-5.0,-5.0,-5.0,-5.0
1,100,"[33, 56, 62, 64, 62, 19, 20, 37, 44, 19, 62, 62, 134, 62, 38, 19, 19, 62, 38, 53, 19, 98, 62, 44, 62, 21, 19, 57, 62, 62, 62, 35, 36, 19, 62, 68, 45, 19, 98, 62, 62, 38, 19, 38, 19, 62, 19, 38, 19, 19, 62, 47, 62, 62, 50, 19, 19, 19, 62, 40, 62, 62, 62, 62, 62, 37, 52, 19, 98, 51, 51, 72, 61, 19, 62, 19, 50, 62, 62, 62, 46, 19, 48, 62, 22, 42, 62, 19, 19, 19, 27, 62, 62, 62, 62, 69, 37, 19, 68, 19]",8895,"[-5.0, -5.0, -5.0, -5.0, -5.0, -5.0, -5.0, -5.0, -5.0, -5.0, -5.0, -5.0, -5.0, -5.0, -5.0, -5.0, -5.0, -5.0, -5.0, -5.0, -5.0, -5.0, -5.0, -5.0, -5.0]",-125.0,-5.0,1176,-5.0,-5.0,-5.0,-5.0,-5.0
2,200,"[62, 62, 62, 62, 62, 62, 60, 62, 62, 62, 62, 62, 62, 62, 24, 19, 19, 19, 48, 51, 43, 62, 56, 51, 19, 62, 19, 19, 73, 62, 62, 62, 62, 62, 62, 62, 62, 61, 62, 62, 62, 62, 59, 62, 62, 62, 58, 56, 62, 62, 60, 62, 62, 57, 62, 62, 62, 62, 62, 62, 62, 62, 62, 62, 62, 62, 62, 62, 60, 62, 62, 62, 62, 62, 62, 58, 62, 62, 62, 62, 62, 62, 62, 62, 58, 62, 62, 62, 62, 62, 58, 62, 61, 62, 62, 62, 62, 60, 61, 58]",14704,"[-5.0, -5.0, -5.0, -5.0, -5.0, -5.0, -5.0, -5.0, -5.0, -5.0, -5.0, -5.0, -5.0, -5.0, -5.0, -5.0, -5.0, -5.0, -5.0, -5.0, -5.0, -5.0, -5.0, -5.0, -5.0]",-125.0,-5.0,1505,-5.0,-5.0,-5.0,-5.0,-5.0
3,300,"[62, 62, 60, 62, 60, 62, 62, 62, 62, 62, 62, 62, 62, 62, 20, 19, 33, 56, 62, 62, 61, 62, 62, 62, 62, 62, 62, 62, 62, 62, 62, 62, 62, 62, 62, 62, 59, 62, 62, 62, 62, 62, 62, 61, 62, 62, 65, 62, 62, 62, 39, 62, 62, 58, 61, 62, 62, 60, 62, 62, 62, 62, 61, 60, 62, 61, 62, 62, 62, 62, 62, 62, 62, 61, 62, 60, 62, 60, 62, 62, 62, 62, 61, 62, 62, 62, 62, 62, 62, 62, 62, 62, 62, 62, 62, 60, 62, 62, 62, 62]",20736,"[-5.0, -5.0, -5.0, -5.0, -5.0, -5.0, -5.0, -5.0, -5.0, -5.0, -5.0, -5.0, -5.0, -5.0, -5.0, -5.0, -5.0, -5.0, -5.0, -5.0, -5.0, -5.0, -5.0, -5.0, -5.0]",-125.0,-5.0,1568,-5.0,-5.0,-5.0,-5.0,-5.0
4,400,"[62, 62, 61, 62, 62, 62, 62, 62, 62, 62, 59, 62, 62, 62, 62, 61, 62, 62, 62, 62, 58, 60, 62, 62, 62, 58, 62, 62, 62, 62, 62, 62, 62, 59, 62, 56, 19, 62, 62, 62, 39, 62, 62, 62, 62, 60, 62, 62, 62, 62, 62, 62, 62, 62, 61, 62, 62, 62, 62, 62, 62, 62, 62, 62, 62, 62, 62, 60, 62, 62, 62, 62, 62, 62, 62, 62, 62, 62, 62, 62, 58, 61, 62, 62, 55, 62, 62, 60, 62, 62, 62, 62, 72, 62, 39, 24, 19, 62, 62, 62]",26733,"[-5.0, -5.0, -5.0, -5.0, -5.0, -5.0, -5.0, -5.0, -5.0, -5.0, -5.0, -5.0, -5.0, -5.0, -5.0, -5.0, -5.0, -5.0, -5.0, -5.0, -5.0, -5.0, -5.0, -5.0, -5.0]",-125.0,-5.0,1543,-5.0,-5.0,-5.0,-5.0,-5.0
5,500,"[62, 64, 62, 62, 62, 62, 56, 62, 62, 62, 62, 62, 62, 62, 62, 62, 62, 59, 58, 61, 62, 62, 62, 62, 62, 62, 62, 62, 62, 58, 41, 19, 19, 19, 38, 19, 19, 35, 62, 62, 62, 62, 62, 62, 62, 62, 58, 62, 59, 62, 62, 62, 62, 60, 62, 62, 62, 62, 62, 59, 59, 62, 62, 60, 62, 62, 62, 62, 62, 62, 62, 62, 61, 60, 62, 62, 62, 62, 62, 62, 62, 62, 62, 58, 62, 61, 62, 62, 62, 62, 62, 60, 62, 60, 61, 59, 62, 62, 62, 62]",32597,"[-5.0, -5.0, -5.0, -5.0, -5.0, -5.0, -5.0, -5.0, -5.0, -5.0, -5.0, -5.0, -5.0, -5.0, -5.0, -5.0, -5.0, -5.0, -5.0, -5.0, -5.0, -5.0, -5.0, -5.0, -5.0]",-125.0,-5.0,1535,-5.0,-5.0,-5.0,-5.0,-5.0
6,600,"[62, 62, 62, 62, 62, 62, 60, 62, 62, 62, 62, 62, 62, 62, 62, 62, 62, 56, 60, 62, 62, 62, 60, 62, 62, 53, 62, 62, 61, 62, 60, 62, 62, 62, 62, 62, 62, 62, 62, 59, 62, 62, 62, 62, 62, 62, 62, 62, 62, 62, 62, 61, 62, 62, 62, 62, 61, 62, 62, 62, 62, 62, 62, 62, 62, 62, 62, 62, 61, 62, 62, 62, 62, 62, 62, 62, 60, 62, 61, 62, 62, 62, 62, 61, 37, 37, 62, 62, 62, 62, 61, 62, 62, 56, 59, 62, 62, 62, 61, 62]",38702,"[-5.0, -5.0, -5.0, -5.0, -5.0, -5.0, -5.0, -5.0, -5.0, -5.0, -5.0, -5.0, -5.0, -5.0, -5.0, -5.0, -5.0, -5.0, -5.0, -5.0, -5.0, -5.0, -5.0, -5.0, -5.0]",-125.0,-5.0,1645,-5.0,-5.0,-5.0,-5.0,-5.0
7,700,"[62, 62, 62, 62, 62, 62, 62, 62, 62, 62, 62, 62, 62, 62, 62, 60, 62, 61, 62, 61, 62, 62, 62, 62, 62, 62, 62, 62, 62, 62, 62, 62, 62, 62, 62, 62, 62, 62, 62, 62, 62, 62, 57, 62, 62, 62, 61, 62, 62, 62, 62, 62, 62, 62, 62, 62, 61, 59, 62, 62, 59, 62, 62, 62, 62, 62, 62, 62, 62, 19, 43, 62, 134, 19, 35, 62, 19, 19, 19, 62, 62, 62, 62, 62, 62, 62, 62, 62, 59, 60, 62, 62, 62, 62, 62, 62, 62, 62, 62, 62]",44691,"[-5.0, -5.0, -5.0, -5.0, -5.0, -5.0, -5.0, -5.0, -5.0, -5.0, -5.0, -5.0, -5.0, -5.0, -5.0, -5.0, -5.0, -5.0, -5.0, -5.0, -5.0, -5.0, -5.0, -5.0, -5.0]",-125.0,-5.0,1778,-5.0,-5.0,-5.0,-5.0,-5.0
8,800,"[62, 60, 62, 62, 62, 62, 62, 60, 62, 62, 62, 62, 60, 62, 62, 62, 62, 60, 62, 98, 19, 74, 62, 62, 62, 62, 60, 62, 61, 62, 62, 62, 62, 62, 62, 62, 62, 62, 62, 62, 58, 62, 62, 60, 62, 59, 62, 58, 62, 62, 62, 58, 60, 60, 62, 62, 62, 62, 62, 62, 62, 62, 62, 62, 61, 60, 62, 62, 62, 62, 62, 62, 61, 62, 61, 62, 61, 62, 62, 62, 62, 61, 62, 62, 60, 59, 62, 62, 62, 62, 62, 62, 62, 62, 62, 62, 62, 58, 62, 59]",50845,"[-5.0, -5.0, -5.0, -5.0, -5.0, -5.0, -5.0, -5.0, -5.0, -5.0, -5.0, -5.0, -5.0, -5.0, -5.0, -5.0, -5.0, -5.0, -5.0, -5.0, -5.0, -5.0, -5.0, -5.0, -5.0]",-125.0,-5.0,1681,-5.0,-5.0,-5.0,-5.0,-5.0
9,900,"[62, 55, 56, 62, 62, 62, 62, 62, 62, 62, 62, 61, 62, 62, 62, 62, 62, 62, 62, 62, 62, 62, 58, 58, 56, 62, 62, 62, 62, 62, 61, 62, 62, 19, 64, 62, 62, 61, 62, 62, 62, 62, 62, 60, 62, 62, 62, 62, 62, 62, 62, 60, 62, 59, 62, 62, 62, 61, 62, 62, 62, 62, 62, 61, 62, 61, 62, 62, 58, 62, 62, 62, 62, 62, 62, 62, 62, 62, 62, 62, 62, 62, 59, 59, 62, 62, 62, 62, 60, 62, 62, 60, 62, 62, 62, 62, 62, 62, 62, 62]",56950,"[-5.0, -5.0, -5.0, -5.0, -5.0, -5.0, -5.0, -5.0, -5.0, -5.0, -5.0, -5.0, -5.0, -5.0, -5.0, -5.0, -5.0, -5.0, -5.0, -5.0, -5.0, -5.0, -5.0, -5.0, -5.0]",-125.0,-5.0,1663,-5.0,-5.0,-5.0,-5.0,-5.0
10,1000,"[62, 62, 62, 61, 62, 62, 62, 62, 62, 62, 62, 62, 62, 61, 62, 62, 61, 62, 62, 62, 62, 62, 62, 62, 62, 62, 61, 60, 62, 62, 62, 61, 62, 62, 60, 62, 62, 62, 62, 62, 58, 60, 62, 62, 62, 62, 58, 62, 20, 19, 62, 43, 62, 59, 62, 62, 62, 62, 62, 62, 62, 62, 62, 58, 62, 57, 62, 55, 62, 62, 62, 60, 62, 62, 62, 62, 59, 62, 60, 62, 62, 62, 62, 62, 62, 62, 62, 58, 62, 62, 62, 62, 62, 62, 62, 62, 60, 59, 62, 62]",62992,"[-5.0, -5.0, -5.0, -5.0, -5.0, -5.0, -5.0, -5.0, -5.0, -5.0, -5.0, -5.0, -5.0, -5.0, -5.0, -5.0, -5.0, -5.0, -5.0, -5.0, -5.0, -5.0, -5.0, -5.0, -5.0]",-125.0,-5.0,1604,-5.0,-5.0,-5.0,-5.0,-5.0
11,1100,"[62, 62, 61, 60, 62, 62, 57, 62, 62, 62, 62, 62, 62, 62, 62, 62, 62, 59, 62, 62, 62, 62, 60, 62, 62, 60, 62, 62, 62, 60, 62, 62, 62, 62, 60, 60, 62, 75, 62, 62, 60, 62, 62, 62, 58, 62, 62, 62, 62, 62, 62, 62, 62, 59, 60, 66, 62, 62, 62, 44, 19, 38, 62, 62, 62, 62, 61, 62, 60, 62, 60, 62, 62, 62, 62, 62, 62, 60, 60, 62, 62, 62, 62, 62, 62, 62, 60, 62, 62, 62, 62, 19, 53, 59, 62, 62, 59, 59, 62, 59]",69017,"[-5.0, -5.0, -5.0, -5.0, -5.0, -5.0, -5.0, -5.0, -5.0, -5.0, -5.0, -5.0, -5.0, -5.0, -5.0, -5.0, -5.0, -5.0, -5.0, -5.0, -5.0, -5.0, -5.0, -5.0, -5.0]",-125.0,-5.0,1623,-5.0,-5.0,-5.0,-5.0,-5.0
12,1200,"[62, 62, 58, 60, 62, 62, 60, 62, 60, 62, 62, 62, 62, 62, 62, 62, 62, 62, 60, 62, 62, 62, 60, 62, 62, 58, 62, 59, 62, 62, 62, 62, 62, 62, 60, 61, 61, 62, 62, 62, 62, 62, 62, 62, 62, 62, 62, 62, 62, 62, 61, 62, 62, 43, 54, 19, 62, 60, 62, 62, 62, 60, 62, 62, 62, 62, 60, 62, 62, 59, 62, 62, 58, 61, 62, 62, 33, 62, 62, 62, 41, 51, 19, 62, 62, 62, 62, 62, 62, 62, 62, 61, 62, 62, 62, 60, 56, 62, 62, 50]",74982,"[-5.0, -5.0, -5.0, -5.0, -5.0, -5.0, -5.0, -5.0, -5.0, -5.0, -5.0, -5.0, -5.0, -5.0, -5.0, -5.0, -5.0, -5.0, -5.0, -5.0, -5.0, -5.0, -5.0, -5.0, -5.0]",-125.0,-5.0,1558,-5.0,-5.0,-5.0,-5.0,-5.0
13,1300,"[62, 62, 62, 58, 19, 35, 62, 29, 56, 62, 62, 62, 60, 62, 62, 62, 62, 62, 62, 62, 60, 62, 60, 62, 62, 62, 62, 62, 62, 62, 62, 62, 62, 19, 39, 38, 38, 62, 62, 62, 62, 62, 62, 62, 59, 62, 58, 62, 62, 62, 62, 62, 62, 61, 62, 62, 62, 54, 58, 62, 62, 62, 62, 62, 62, 60, 62, 60, 62, 57, 62, 62, 62, 54, 62, 62, 62, 62, 62, 62, 62, 60, 62, 60, 62, 36, 19, 48, 33, 19, 19, 19, 19, 38, 19, 19, 62, 60, 62, 61]",80511,"[-5.0, -5.0, -5.0, -5.0, -5.0, -5.0, -5.0, -5.0, -5.0, -5.0, -5.0, -5.0, -5.0, -5.0, -5.0, -5.0, -5.0, -5.0, -5.0, -5.0, -5.0, -5.0, -5.0, -5.0, -5.0]",-125.0,-5.0,1455,-5.0,-5.0,-5.0,-5.0,-5.0
14,1400,"[62, 61, 62, 61, 62, 62, 58, 62, 61, 62, 62, 62, 62, 62, 62, 62, 62, 62, 62, 61, 62, 62, 57, 62, 62, 58, 62, 58, 62, 62, 62, 62, 61, 62, 62, 62, 62, 61, 62, 60, 62, 62, 62, 62, 60, 62, 62, 58, 43, 43, 62, 60, 62, 62, 59, 62, 62, 62, 62, 62, 62, 62, 62, 62, 59, 62, 62, 61, 62, 62, 62, 62, 62, 62, 62, 58, 33, 19, 19, 62, 24, 26, 62, 62, 62, 62, 62, 60, 62, 62, 62, 62, 62, 62, 62, 62, 62, 62, 62, 62]",86438,"[-5.0, -5.0, -5.0, -5.0, -5.0, -5.0, -5.0, -5.0, -5.0, -5.0, -5.0, -5.0, -5.0, -5.0, -5.0, -5.0, -5.0, -5.0, -5.0, -5.0, -5.0, -5.0, -5.0, -5.0, -5.0]",-125.0,-5.0,1566,-5.0,-5.0,-5.0,-5.0,-5.0
15,1500,"[62, 62, 52, 35, 62, 52, 19, 39, 20, 19, 38, 19, 104, 62, 62, 62, 62, 62, 60, 62, 62, 62, 62, 62, 60, 59, 62, 62, 62, 60, 62, 62, 62, 61, 60, 62, 62, 62, 62, 62, 62, 62, 62, 58, 62, 62, 62, 62, 60, 62, 62, 60, 62, 62, 61, 62, 62, 62, 61, 61, 61, 62, 62, 62, 62, 62, 62, 62, 62, 62, 62, 59, 62, 62, 62, 62, 61, 62, 62, 62, 62, 62, 62, 60, 62, 62, 62, 62, 62, 62, 62, 62, 62, 62, 62, 62, 62, 62, 60, 62]",92383,"[-5.0, -5.0, -5.0, -5.0, -5.0, -5.0, -5.0, -5.0, -5.0, -5.0, -5.0, -5.0, -5.0, -5.0, -5.0, -5.0, -5.0, -5.0, -5.0, -5.0, -5.0, -5.0, -5.0, -5.0, -5.0]",-125.0,-5.0,1613,-5.0,-5.0,-5.0,-5.0,-5.0
16,1600,"[60, 62, 62, 62, 62, 62, 62, 62, 62, 61, 32, 19, 19, 19, 62, 62, 62, 40, 19, 19, 19, 75, 62, 62, 62, 62, 62, 62, 62, 61, 62, 59, 62, 62, 62, 42, 62, 39, 55, 19, 19, 19, 62, 62, 56, 62, 62, 62, 62, 62, 62, 62, 62, 56, 62, 69, 62, 74, 48, 62, 31, 19, 19, 19, 38, 19, 49, 72, 61, 62, 62, 58, 62, 62, 62, 62, 62, 61, 62, 58, 62, 62, 62, 53, 62, 19, 35, 19, 19, 19, 62, 53, 63, 62, 62, 60, 62, 62, 62, 62]",97635,"[-5.0, -5.0, -5.0, -5.0, -5.0, -5.0, -5.0, -5.0, -5.0, -5.0, -5.0, -5.0, -5.0, -5.0, -5.0, -5.0, -5.0, -5.0, -5.0, -5.0, -5.0, -5.0, -5.0, -5.0, -5.0]",-125.0,-5.0,1354,-5.0,-5.0,-5.0,-5.0,-5.0
17,1700,"[60, 62, 62, 62, 58, 62, 62, 56, 62, 19, 42, 19, 38, 38, 19, 36, 19, 39, 62, 62, 62, 62, 62, 62, 62, 62, 62, 62, 62, 55, 62, 62, 62, 62, 62, 19, 19, 62, 19, 19, 19, 45, 64, 62, 62, 60, 58, 62, 62, 62, 62, 61, 62, 62, 62, 62, 62, 61, 62, 62, 62, 62, 58, 62, 61, 60, 55, 62, 62, 62, 62, 62, 62, 62, 62, 58, 62, 59, 62, 62, 62, 62, 62, 62, 62, 62, 62, 62, 62, 19, 62, 22, 19, 52, 58, 62, 62, 62, 62, 62]",103128,"[-5.0, -5.0, -5.0, -5.0, -5.0, -5.0, -5.0, -5.0, -5.0, -5.0, -5.0, -5.0, -5.0, -5.0, -5.0, -5.0, -5.0, -5.0, -5.0, -5.0, -5.0, -5.0, -5.0, -5.0, -5.0]",-125.0,-5.0,1401,-5.0,-5.0,-5.0,-5.0,-5.0
18,1800,"[62, 62, 62, 62, 62, 62, 62, 59, 62, 62, 56, 60, 59, 62, 62, 62, 62, 61, 62, 62, 62, 62, 62, 62, 62, 62, 62, 62, 62, 62, 59, 62, 59, 62, 62, 62, 62, 62, 58, 61, 62, 60, 62, 59, 62, 62, 62, 60, 62, 62, 62, 62, 62, 60, 62, 62, 62, 61, 58, 62, 62, 62, 61, 62, 62, 62, 62, 62, 62, 61, 62, 61, 62, 60, 62, 62, 62, 62, 62, 58, 62, 62, 61, 62, 62, 62, 62, 62, 61, 62, 62, 62, 19, 57, 75, 45, 38, 19, 54, 19]",109107,"[-5.0, -5.0, -5.0, -5.0, -5.0, -5.0, -5.0, -5.0, -5.0, -5.0, -5.0, -5.0, -5.0, -5.0, -5.0, -5.0, -5.0, -5.0, -5.0, -5.0, -5.0, -5.0, -5.0, -5.0, -5.0]",-125.0,-5.0,1528,-5.0,-5.0,-5.0,-5.0,-5.0
19,1900,"[54, 62, 67, 62, 62, 62, 62, 62, 62, 62, 61, 62, 61, 62, 62, 62, 59, 71, 43, 62, 19, 65, 20, 62, 19, 35, 19, 37, 36, 39, 62, 62, 62, 62, 62, 62, 62, 62, 62, 61, 62, 62, 62, 62, 69, 19, 19, 62, 62, 62, 30, 62, 60, 62, 60, 62, 62, 62, 62, 62, 62, 62, 57, 62, 33, 19, 38, 19, 19, 52, 19, 62, 62, 62, 62, 62, 62, 62, 62, 62, 62, 62, 62, 62, 62, 60, 62, 62, 62, 62, 60, 55, 39, 71, 62, 62, 62, 62, 62, 62]",114639,"[-5.0, -5.0, -5.0, -5.0, -5.0, -5.0, -5.0, -5.0, -5.0, -5.0, -5.0, -5.0, -5.0, -5.0, -5.0, -5.0, -5.0, -5.0, -5.0, -5.0, -5.0, -5.0, -5.0, -5.0, -5.0]",-125.0,-5.0,1416,-5.0,-5.0,-5.0,-5.0,-5.0
20,2000,"[61, 62, 62, 62, 62, 62, 62, 62, 62, 62, 62, 61, 59, 61, 62, 57, 62, 21, 19, 33, 56, 19, 19, 19, 19, 43, 64, 62, 60, 62, 62, 62, 62, 62, 62, 59, 62, 62, 62, 62, 62, 61, 62, 62, 62, 62, 55, 69, 73, 36, 62, 62, 62, 58, 58, 62, 62, 57, 62, 62, 62, 62, 62, 62, 62, 60, 62, 62, 62, 62, 60, 62, 62, 19, 62, 60, 62, 62, 62, 62, 62, 62, 62, 62, 62, 62, 62, 54, 60, 62, 62, 62, 62, 60, 62, 62, 62, 62, 62, 62]",120425,"[-5.0, -5.0, -5.0, -5.0, -5.0, -5.0, -5.0, -5.0, -5.0, -5.0, -5.0, -5.0, -5.0, -5.0, -5.0, -5.0, -5.0, -5.0, -5.0, -5.0, -5.0, -5.0, -5.0, -5.0, -5.0]",-125.0,-5.0,1467,-5.0,-5.0,-5.0,-5.0,-5.0
21,2100,"[62, 62, 62, 62, 62, 62, 62, 62, 62, 62, 62, 60, 62, 62, 62, 62, 62, 60, 62, 62, 62, 62, 58, 62, 62, 60, 62, 62, 62, 62, 62, 62, 62, 62, 62, 62, 62, 62, 62, 58, 62, 60, 62, 62, 58, 62, 62, 62, 62, 62, 62, 62, 62, 62, 62, 56, 62, 62, 19, 52, 19, 53, 62, 62, 62, 61, 62, 62, 62, 62, 62, 62, 42, 19, 19, 38, 62, 62, 61, 62, 62, 62, 62, 69, 45, 20, 36, 28, 19, 19, 19, 19, 38, 62, 39, 60, 62, 62, 62, 62]",126029,"[-5.0, -5.0, -5.0, -5.0, -5.0, -5.0, -5.0, -5.0, -5.0, -5.0, -5.0, -5.0, -5.0, -5.0, -5.0, -5.0, -5.0, -5.0, -5.0, -5.0, -5.0, -5.0, -5.0, -5.0, -5.0]",-125.0,-5.0,1488,-5.0,-5.0,-5.0,-5.0,-5.0
22,2200,"[62, 62, 62, 24, 19, 62, 62, 38, 59, 19, 62, 54, 62, 62, 62, 60, 58, 62, 62, 62, 62, 62, 62, 62, 62, 62, 60, 62, 62, 62, 62, 60, 62, 62, 62, 59, 62, 62, 62, 62, 62, 62, 59, 62, 62, 62, 62, 62, 60, 62, 62, 62, 22, 77, 19, 62, 62, 62, 58, 60, 62, 61, 62, 62, 62, 62, 62, 62, 62, 62, 62, 62, 62, 37, 19, 19, 62, 59, 62, 62, 62, 61, 61, 62, 62, 62, 62, 62, 62, 62, 62, 62, 62, 59, 36, 19, 62, 19, 57, 62]",131741,"[-5.0, -5.0, -5.0, -5.0, -5.0, -5.0, -5.0, -5.0, -5.0, -5.0, -5.0, -5.0, -5.0, -5.0, -5.0, -5.0, -5.0, -5.0, -5.0, -5.0, -5.0, -5.0, -5.0, -5.0, -5.0]",-125.0,-5.0,1484,-5.0,-5.0,-5.0,-5.0,-5.0
23,2300,"[62, 72, 45, 19, 62, 62, 62, 62, 60, 62, 62, 62, 63, 62, 55, 62, 62, 62, 62, 62, 60, 62, 62, 62, 66, 74, 62, 62, 62, 62, 62, 62, 62, 62, 62, 62, 62, 62, 62, 62, 62, 62, 59, 62, 58, 62, 62, 59, 62, 61, 62, 62, 59, 62, 62, 62, 57, 62, 62, 61, 62, 60, 62, 62, 62, 60, 62, 62, 62, 62, 62, 61, 59, 62, 62, 62, 62, 62, 62, 61, 62, 62, 59, 58, 62, 62, 62, 58, 62, 62, 62, 62, 62, 57, 62, 62, 62, 62, 62, 62]",137852,"[-5.0, -5.0, -5.0, -5.0, -5.0, -5.0, -5.0, -5.0, -5.0, -5.0, -5.0, -5.0, -5.0, -5.0, -5.0, -5.0, -5.0, -5.0, -5.0, -5.0, -5.0, -5.0, -5.0, -5.0, -5.0]",-125.0,-5.0,1626,-5.0,-5.0,-5.0,-5.0,-5.0
24,2400,"[60, 62, 62, 62, 62, 62, 62, 62, 62, 62, 62, 61, 62, 62, 62, 58, 60, 62, 62, 62, 62, 63, 59, 62, 54, 49, 62, 62, 62, 62, 56, 62, 62, 62, 62, 62, 62, 62, 56, 62, 62, 62, 62, 62, 62, 62, 62, 62, 62, 62, 62, 62, 19, 62, 72, 41, 19, 19, 62, 62, 62, 62, 62, 62, 62, 62, 62, 59, 62, 62, 62, 62, 62, 44, 38, 62, 66, 62, 62, 62, 62, 61, 62, 62, 58, 62, 60, 60, 62, 60, 60, 62, 62, 61, 62, 62, 61, 62, 60, 62]",143810,"[-5.0, -5.0, -5.0, -5.0, -5.0, -5.0, -5.0, -5.0, -5.0, -5.0, -5.0, -5.0, -5.0, -5.0, -5.0, -5.0, -5.0, -5.0, -5.0, -5.0, -5.0, -5.0, -5.0, -5.0, -5.0]",-125.0,-5.0,1531,-5.0,-5.0,-5.0,-5.0,-5.0
25,2500,"[62, 62, 43, 62, 62, 62, 56, 62, 62, 62, 62, 62, 62, 60, 62, 62, 62, 62, 62, 62, 62, 62, 62, 62, 60, 62, 60, 60, 62, 60, 62, 62, 62, 62, 62, 62, 62, 62, 61, 62, 59, 62, 62, 62, 62, 62, 62, 62, 60, 62, 60, 62, 62, 62, 61, 62, 62, 62, 62, 62, 62, 62, 62, 62, 62, 61, 62, 62, 62, 66, 52, 19, 19, 62, 62, 76, 62, 62, 62, 61, 62, 59, 62, 62, 62, 62, 62, 62, 62, 62, 62, 62, 62, 62, 42, 53, 38, 44, 62, 62]",149812,"[-5.0, -5.0, -5.0, -5.0, -5.0, -5.0, -5.0, -5.0, -5.0, -5.0, -5.0, -5.0, -5.0, -5.0, -5.0, -5.0, -5.0, -5.0, -5.0, -5.0, -5.0, -5.0, -5.0, -5.0, -5.0]",-125.0,-5.0,1574,-5.0,-5.0,-5.0,-5.0,-5.0
26,2600,"[62, 62, 62, 62, 56, 62, 62, 61, 62, 62, 58, 62, 61, 62, 62, 62, 62, 71, 62, 62, 62, 62, 62, 62, 62, 62, 62, 60, 62, 61, 62, 61, 62, 62, 62, 62, 62, 62, 62, 62, 62, 61, 62, 56, 60, 56, 61, 62, 62, 62, 62, 58, 74, 62, 62, 62, 43, 19, 19, 38, 19, 19, 38, 19, 20, 62, 60, 62, 62, 62, 62, 61, 60, 62, 58, 61, 62, 62, 63, 62, 98, 41, 19, 62, 62, 62, 62, 62, 62, 62, 61, 62, 62, 59, 60, 62, 62, 27, 62, 62]",155595,"[-5.0, -5.0, -5.0, -5.0, -5.0, -5.0, -5.0, -5.0, -5.0, -5.0, -5.0, -5.0, -5.0, -5.0, -5.0, -5.0, -5.0, -5.0, -5.0, -5.0, -5.0, -5.0, -5.0, -5.0, -5.0]",-125.0,-5.0,1471,-5.0,-5.0,-5.0,-5.0,-5.0
27,2700,"[74, 62, 62, 62, 62, 62, 62, 62, 62, 62, 62, 62, 60, 62, 62, 62, 62, 60, 59, 62, 58, 62, 62, 62, 62, 62, 62, 58, 62, 62, 60, 62, 62, 62, 62, 62, 62, 61, 62, 62, 62, 62, 62, 59, 62, 62, 66, 19, 19, 38, 36, 64, 37, 19, 60, 35, 62, 62, 60, 57, 62, 62, 60, 61, 62, 62, 62, 60, 62, 62, 56, 62, 62, 62, 62, 62, 61, 62, 62, 61, 62, 62, 62, 60, 62, 60, 62, 62, 59, 62, 19, 19, 19, 19, 62, 67, 62, 19, 38, 62]",161298,"[-5.0, -5.0, -5.0, -5.0, -5.0, -5.0, -5.0, -5.0, -5.0, -5.0, -5.0, -5.0, -5.0, -5.0, -5.0, -5.0, -5.0, -5.0, -5.0, -5.0, -5.0, -5.0, -5.0, -5.0, -5.0]",-125.0,-5.0,1456,-5.0,-5.0,-5.0,-5.0,-5.0
28,2800,"[33, 46, 48, 62, 60, 62, 62, 62, 62, 62, 62, 62, 60, 61, 59, 62, 60, 62, 62, 62, 62, 62, 54, 62, 33, 19, 62, 19, 19, 62, 62, 62, 62, 62, 62, 62, 60, 62, 62, 62, 62, 62, 62, 62, 48, 62, 27, 19, 42, 62, 19, 19, 62, 62, 52, 62, 62, 62, 60, 55, 62, 62, 62, 62, 61, 62, 62, 62, 62, 60, 62, 62, 72, 39, 19, 19, 37, 19, 19, 19, 57, 19, 19, 19, 33, 71, 62, 58, 62, 62, 62, 64, 62, 62, 62, 59, 62, 62, 62, 61]",166628,"[-5.0, -5.0, -5.0, -5.0, -5.0, -5.0, -5.0, -5.0, -5.0, -5.0, -5.0, -5.0, -5.0, -5.0, -5.0, -5.0, -5.0, -5.0, -5.0, -5.0, -5.0, -5.0, -5.0, -5.0, -5.0]",-125.0,-5.0,1341,-5.0,-5.0,-5.0,-5.0,-5.0
29,2900,"[62, 60, 62, 61, 61, 61, 61, 58, 62, 62, 62, 62, 62, 62, 62, 62, 62, 59, 62, 62, 62, 59, 62, 62, 61, 51, 62, 38, 19, 19, 19, 52, 62, 59, 20, 52, 38, 62, 60, 58, 62, 62, 62, 62, 61, 62, 62, 62, 60, 62, 58, 62, 62, 62, 62, 62, 62, 62, 62, 62, 62, 61, 62, 62, 62, 62, 62, 62, 62, 19, 19, 48, 38, 19, 62, 62, 61, 60, 62, 57, 62, 62, 62, 62, 62, 62, 62, 62, 62, 62, 61, 62, 62, 62, 58, 62, 62, 60, 62, 62]",172362,"[-5.0, -5.0, -5.0, -5.0, -5.0, -5.0, -5.0, -5.0, -5.0, -5.0, -5.0, -5.0, -5.0, -5.0, -5.0, -5.0, -5.0, -5.0, -5.0, -5.0, -5.0, -5.0, -5.0, -5.0, -5.0]",-125.0,-5.0,1514,-5.0,-5.0,-5.0,-5.0,-5.0
30,3000,"[62, 62, 62, 62, 62, 62, 60, 61, 62, 62, 62, 62, 62, 62, 62, 62, 62, 62, 60, 62, 62, 62, 61, 62, 62, 62, 62, 62, 62, 62, 60, 62, 62, 62, 62, 62, 62, 62, 62, 62, 62, 60, 62, 57, 58, 62, 62, 61, 62, 62, 67, 62, 62, 58, 62, 62, 60, 60, 62, 62, 62, 62, 62, 62, 62, 62, 62, 62, 62, 62, 62, 62, 62, 62, 62, 62, 62, 62, 62, 62, 62, 62, 62, 62, 62, 62, 60, 62, 62, 62, 62, 62, 62, 62, 62, 62, 62, 62, 62, 62]",178537,"[-5.0, -5.0, -5.0, -5.0, -5.0, -5.0, -5.0, -5.0, -5.0, -5.0, -5.0, -5.0, -5.0, -5.0, -5.0, -5.0, -5.0, -5.0, -5.0, -5.0, -5.0, -5.0, -5.0, -5.0, -5.0]",-125.0,-5.0,1556,-5.0,-5.0,-5.0,-5.0,-5.0
31,3100,"[62, 62, 62, 62, 62, 62, 62, 62, 62, 62, 59, 62, 62, 62, 62, 62, 62, 62, 62, 58, 62, 62, 58, 62, 62, 62, 62, 62, 62, 60, 62, 62, 61, 62, 62, 59, 62, 62, 62, 62, 60, 61, 60, 62, 62, 62, 62, 62, 62, 62, 62, 62, 60, 62, 62, 62, 62, 62, 57, 62, 62, 62, 62, 62, 62, 62, 60, 62, 62, 62, 62, 62, 62, 62, 62, 61, 62, 62, 62, 62, 61, 62, 62, 62, 62, 62, 56, 62, 62, 62, 62, 62, 62, 62, 62, 62, 62, 62, 60, 62]",184696,"[-5.0, -5.0, -5.0, -5.0, -5.0, -5.0, -5.0, -5.0, -5.0, -5.0, -5.0, -5.0, -5.0, -5.0, -5.0, -5.0, -5.0, -5.0, -5.0, -5.0, -5.0, -5.0, -5.0, -5.0, -5.0]",-125.0,-5.0,1627,-5.0,-5.0,-5.0,-5.0,-5.0
32,3200,"[62, 62, 62, 62, 60, 62, 62, 62, 62, 58, 62, 62, 62, 62, 62, 62, 62, 22, 38, 19, 55, 48, 62, 38, 58, 19, 19, 56, 59, 62, 19, 69, 62, 33, 62, 58, 62, 62, 62, 62, 62, 62, 62, 62, 62, 60, 62, 60, 61, 62, 60, 62, 62, 62, 62, 62, 62, 58, 62, 62, 62, 62, 62, 62, 62, 62, 62, 62, 19, 62, 62, 62, 62, 62, 62, 62, 62, 58, 62, 62, 62, 56, 62, 62, 54, 62, 62, 62, 62, 62, 62, 58, 62, 62, 62, 62, 62, 59, 61, 62]",190490,"[-5.0, -5.0, -5.0, -5.0, -5.0, -5.0, -5.0, -5.0, -5.0, -5.0, -5.0, -5.0, -5.0, -5.0, -5.0, -5.0, -5.0, -5.0, -5.0, -5.0, -5.0, -5.0, -5.0, -5.0, -5.0]",-125.0,-5.0,1497,-5.0,-5.0,-5.0,-5.0,-5.0
33,3300,"[62, 62, 62, 62, 61, 62, 62, 60, 62, 55, 62, 58, 62, 62, 62, 58, 62, 62, 62, 62, 62, 62, 62, 62, 62, 62, 62, 62, 62, 62, 62, 62, 62, 62, 62, 62, 62, 61, 62, 60, 62, 62, 60, 62, 62, 62, 59, 62, 62, 60, 62, 62, 62, 62, 62, 19, 62, 42, 62, 61, 62, 62, 62, 62, 62, 62, 62, 62, 62, 62, 62, 60, 62, 36, 19, 38, 62, 62, 62, 62, 62, 62, 62, 62, 62, 62, 60, 62, 62, 62, 62, 61, 62, 54, 60, 62, 60, 62, 62, 60]",196486,"[-5.0, -5.0, -5.0, -5.0, -5.0, -5.0, -5.0, -5.0, -5.0, -5.0, -5.0, -5.0, -5.0, -5.0, -5.0, -5.0, -5.0, -5.0, -5.0, -5.0, -5.0, -5.0, -5.0, -5.0, -5.0]",-125.0,-5.0,1513,-5.0,-5.0,-5.0,-5.0,-5.0
34,3400,"[62, 62, 62, 62, 62, 62, 57, 62, 62, 62, 62, 62, 62, 62, 62, 62, 62, 62, 62, 56, 62, 62, 62, 62, 62, 62, 61, 60, 62, 62, 62, 58, 21, 62, 49, 38, 62, 62, 62, 19, 62, 62, 67, 62, 59, 62, 62, 61, 57, 62, 56, 62, 62, 60, 58, 62, 62, 60, 62, 62, 62, 62, 62, 62, 29, 19, 57, 50, 19, 62, 62, 62, 62, 62, 62, 61, 61, 62, 62, 62, 62, 62, 62, 62, 62, 62, 61, 62, 62, 62, 62, 62, 62, 62, 59, 61, 62, 62, 62, 62]",202386,"[-5.0, -5.0, -5.0, -5.0, -5.0, -5.0, -5.0, -5.0, -5.0, -5.0, -5.0, -5.0, -5.0, -5.0, -5.0, -5.0, -5.0, -5.0, -5.0, -5.0, -5.0, -5.0, -5.0, -5.0, -5.0]",-125.0,-5.0,1483,-5.0,-5.0,-5.0,-5.0,-5.0
35,3500,"[62, 62, 62, 62, 62, 62, 62, 62, 54, 62, 60, 62, 62, 62, 38, 98, 62, 62, 62, 62, 62, 62, 62, 62, 62, 62, 62, 63, 45, 62, 58, 33, 54, 19, 62, 26, 51, 19, 38, 62, 62, 62, 62, 62, 62, 62, 62, 60, 62, 62, 62, 61, 60, 62, 62, 62, 62, 62, 62, 62, 59, 62, 62, 62, 60, 62, 62, 62, 59, 60, 62, 62, 62, 62, 62, 19, 98, 19, 36, 19, 19, 19, 62, 54, 62, 62, 60, 62, 62, 62, 62, 62, 54, 49, 19, 19, 38, 19, 62, 62]",207970,"[-5.0, -5.0, -5.0, -5.0, -5.0, -5.0, -5.0, -5.0, -5.0, -5.0, -5.0, -5.0, -5.0, -5.0, -5.0, -5.0, -5.0, -5.0, -5.0, -5.0, -5.0, -5.0, -5.0, -5.0, -5.0]",-125.0,-5.0,1529,-5.0,-5.0,-5.0,-5.0,-5.0
36,3600,"[58, 60, 62, 58, 66, 62, 47, 63, 27, 49, 19, 19, 19, 19, 19, 62, 62, 62, 62, 60, 62, 62, 60, 62, 62, 62, 62, 61, 61, 62, 62, 62, 58, 61, 62, 62, 60, 62, 62, 62, 61, 62, 62, 62, 62, 62, 62, 62, 62, 62, 62, 61, 62, 62, 62, 62, 56, 62, 62, 60, 60, 78, 19, 62, 62, 63, 19, 62, 22, 33, 20, 19, 19, 54, 62, 62, 62, 62, 62, 62, 62, 62, 62, 62, 62, 62, 59, 59, 62, 41, 46, 75, 19, 19, 19, 62, 98, 50, 62, 62]",213453,"[-5.0, -5.0, -5.0, -5.0, -5.0, -5.0, -5.0, -5.0, -5.0, -5.0, -5.0, -5.0, -5.0, -5.0, -5.0, -5.0, -5.0, -5.0, -5.0, -5.0, -5.0, -5.0, -5.0, -5.0, -5.0]",-125.0,-5.0,1534,-5.0,-5.0,-5.0,-5.0,-5.0
37,3700,"[60, 62, 62, 62, 62, 62, 62, 62, 56, 62, 62, 62, 62, 60, 62, 65, 19, 45, 19, 19, 62, 63, 62, 62, 26, 62, 19, 62, 62, 60, 62, 62, 62, 62, 62, 62, 62, 60, 62, 62, 62, 62, 44, 62, 39, 37, 19, 19, 25, 35, 62, 39, 62, 62, 61, 62, 62, 62, 61, 62, 62, 62, 62, 61, 62, 62, 62, 62, 62, 62, 62, 62, 61, 58, 62, 62, 62, 62, 62, 62, 60, 62, 62, 62, 56, 62, 60, 62, 49, 35, 19, 19, 19, 50, 40, 19, 45, 62, 62, 62]",218898,"[-5.0, -5.0, -5.0, -5.0, -5.0, -5.0, -5.0, -5.0, -5.0, -5.0, -5.0, -5.0, -5.0, -5.0, -5.0, -5.0, -5.0, -5.0, -5.0, -5.0, -5.0, -5.0, -5.0, -5.0, -5.0]",-125.0,-5.0,1412,-5.0,-5.0,-5.0,-5.0,-5.0
38,3800,"[62, 62, 62, 62, 62, 59, 62, 62, 63, 62, 62, 62, 56, 62, 62, 61, 56, 62, 60, 62, 62, 62, 62, 62, 58, 62, 62, 62, 62, 62, 59, 62, 62, 62, 62, 62, 62, 60, 60, 62, 62, 62, 61, 62, 60, 62, 62, 58, 62, 62, 62, 62, 60, 62, 62, 62, 58, 61, 61, 58, 62, 62, 62, 62, 62, 62, 62, 62, 62, 62, 62, 62, 62, 62, 62, 62, 62, 62, 62, 62, 61, 62, 62, 60, 61, 62, 62, 62, 41, 38, 19, 20, 62, 19, 19, 49, 62, 19, 19, 62]",224732,"[-5.0, -5.0, -5.0, -5.0, -5.0, -5.0, -5.0, -5.0, -5.0, -5.0, -5.0, -5.0, -5.0, -5.0, -5.0, -5.0, -5.0, -5.0, -5.0, -5.0, -5.0, -5.0, -5.0, -5.0, -5.0]",-125.0,-5.0,1479,-5.0,-5.0,-5.0,-5.0,-5.0
39,3900,"[55, 64, 62, 62, 62, 62, 62, 62, 26, 19, 56, 62, 62, 41, 62, 67, 62, 62, 62, 62, 62, 62, 62, 60, 62, 62, 62, 62, 62, 62, 62, 60, 62, 62, 62, 62, 56, 62, 60, 62, 62, 62, 62, 62, 62, 62, 62, 60, 62, 62, 62, 62, 62, 62, 62, 62, 62, 62, 60, 62, 62, 58, 62, 62, 61, 60, 62, 60, 62, 62, 62, 60, 60, 62, 58, 62, 62, 62, 62, 62, 62, 62, 62, 60, 62, 62, 62, 62, 60, 62, 62, 62, 61, 62, 62, 60, 62, 62, 62, 61]",230785,"[-5.0, -5.0, -5.0, -5.0, -5.0, -5.0, -5.0, -5.0, -5.0, -5.0, -5.0, -5.0, -5.0, -5.0, -5.0, -5.0, -5.0, -5.0, -5.0, -5.0, -5.0, -5.0, -5.0, -5.0, -5.0]",-125.0,-5.0,1534,-5.0,-5.0,-5.0,-5.0,-5.0
40,4000,"[62, 75, 33, 19, 35, 54, 62, 72, 62, 62, 62, 62, 60, 62, 62, 62, 62, 62, 62, 62, 62, 62, 62, 62, 62, 58, 60, 62, 60, 62, 62, 62, 60, 62, 62, 62, 62, 62, 59, 62, 62, 62, 62, 62, 62, 62, 62, 62, 19, 56, 19, 19, 105, 23, 61, 61, 62, 60, 61, 62, 62, 62, 62, 62, 58, 62, 62, 62, 62, 62, 62, 62, 62, 60, 62, 61, 62, 62, 62, 62, 73, 67, 69, 62, 62, 68, 33, 62, 33, 19, 19, 19, 71, 62, 62, 62, 62, 62, 62, 62]",236594,"[-5.0, -5.0, -5.0, -5.0, -5.0, -5.0, -5.0, -5.0, -5.0, -5.0, -5.0, -5.0, -5.0, -5.0, -5.0, -5.0, -5.0, -5.0, -5.0, -5.0, -5.0, -5.0, -5.0, -5.0, -5.0]",-125.0,-5.0,1513,-5.0,-5.0,-5.0,-5.0,-5.0
41,4100,"[62, 62, 62, 62, 62, 62, 60, 62, 62, 62, 62, 62, 62, 62, 61, 62, 62, 62, 62, 62, 58, 60, 62, 62, 62, 58, 62, 62, 60, 62, 62, 62, 62, 62, 60, 62, 60, 62, 62, 62, 60, 62, 62, 62, 60, 62, 62, 62, 62, 62, 52, 62, 62, 19, 27, 54, 19, 69, 62, 62, 62, 62, 62, 62, 62, 62, 62, 62, 62, 62, 62, 62, 58, 62, 61, 61, 62, 62, 62, 61, 62, 62, 62, 62, 62, 62, 62, 62, 62, 62, 62, 62, 62, 58, 63, 37, 19, 19, 38, 19]",242451,"[-5.0, -5.0, -5.0, -5.0, -5.0, -5.0, -5.0, -5.0, -5.0, -5.0, -5.0, -5.0, -5.0, -5.0, -5.0, -5.0, -5.0, -5.0, -5.0, -5.0, -5.0, -5.0, -5.0, -5.0, -5.0]",-125.0,-5.0,1590,-5.0,-5.0,-5.0,-5.0,-5.0
42,4200,"[36, 19, 19, 19, 19, 62, 62, 62, 62, 62, 60, 62, 60, 62, 62, 62, 62, 62, 62, 62, 62, 60, 62, 62, 62, 59, 61, 62, 62, 62, 62, 62, 62, 62, 62, 62, 62, 58, 62, 62, 62, 62, 62, 62, 62, 76, 74, 20, 62, 59, 62, 62, 62, 62, 61, 62, 62, 62, 62, 62, 60, 62, 62, 62, 62, 57, 60, 62, 56, 62, 62, 62, 62, 58, 62, 59, 62, 62, 62, 62, 60, 62, 62, 61, 60, 62, 62, 62, 62, 60, 62, 61, 62, 62, 62, 62, 62, 62, 62, 62]",248389,"[-5.0, -5.0, -5.0, -5.0, -5.0, -5.0, -5.0, -5.0, -5.0, -5.0, -5.0, -5.0, -5.0, -5.0, -5.0, -5.0, -5.0, -5.0, -5.0, -5.0, -5.0, -5.0, -5.0, -5.0, -5.0]",-125.0,-5.0,1575,-5.0,-5.0,-5.0,-5.0,-5.0
43,4300,"[62, 62, 61, 62, 62, 62, 58, 62, 61, 62, 61, 60, 62, 58, 62, 62, 62, 62, 59, 62, 62, 62, 62, 62, 62, 62, 62, 62, 62, 62, 62, 62, 62, 62, 62, 62, 62, 60, 62, 60, 62, 61, 62, 62, 62, 62, 61, 61, 62, 61, 62, 62, 62, 62, 57, 62, 62, 62, 62, 62, 62, 62, 62, 62, 58, 62, 62, 62, 62, 62, 58, 61, 62, 62, 62, 60, 61, 60, 62, 62, 62, 62, 62, 60, 62, 62, 62, 62, 62, 62, 58, 49, 19, 19, 19, 43, 62, 62, 24, 70]",254349,"[-5.0, -5.0, -5.0, -5.0, -5.0, -5.0, -5.0, -5.0, -5.0, -5.0, -5.0, -5.0, -5.0, -5.0, -5.0, -5.0, -5.0, -5.0, -5.0, -5.0, -5.0, -5.0, -5.0, -5.0, -5.0]",-125.0,-5.0,1540,-5.0,-5.0,-5.0,-5.0,-5.0
44,4400,"[62, 62, 60, 62, 62, 62, 62, 62, 60, 62, 62, 62, 62, 58, 62, 62, 62, 19, 62, 78, 62, 61, 62, 62, 62, 62, 62, 62, 61, 62, 62, 62, 64, 62, 62, 62, 62, 59, 62, 62, 62, 62, 62, 62, 62, 62, 62, 62, 62, 62, 62, 62, 62, 62, 62, 62, 62, 62, 62, 62, 62, 62, 60, 62, 62, 56, 59, 62, 58, 62, 62, 62, 60, 62, 62, 62, 62, 60, 62, 62, 60, 62, 62, 62, 62, 62, 62, 60, 62, 62, 62, 62, 62, 61, 62, 59, 62, 62, 62, 62]",260484,"[-5.0, -5.0, -5.0, -5.0, -5.0, -5.0, -5.0, -5.0, -5.0, -5.0, -5.0, -5.0, -5.0, -5.0, -5.0, -5.0, -5.0, -5.0, -5.0, -5.0, -5.0, -5.0, -5.0, -5.0, -5.0]",-125.0,-5.0,1618,-5.0,-5.0,-5.0,-5.0,-5.0
45,4500,"[61, 62, 58, 62, 62, 62, 62, 62, 62, 62, 62, 59, 62, 62, 62, 62, 61, 60, 62, 62, 31, 57, 54, 35, 19, 38, 19, 78, 62, 58, 62, 62, 62, 62, 62, 62, 62, 62, 62, 62, 62, 62, 62, 62, 62, 62, 62, 56, 62, 60, 62, 61, 62, 62, 62, 62, 62, 62, 62, 62, 62, 58, 62, 62, 62, 62, 62, 62, 62, 62, 62, 62, 58, 62, 62, 62, 62, 62, 62, 62, 61, 56, 62, 62, 62, 62, 62, 62, 61, 62, 62, 60, 62, 62, 62, 62, 62, 62, 62, 62]",266477,"[-5.0, -5.0, -5.0, -5.0, -5.0, -5.0, -5.0, -5.0, -5.0, -5.0, -5.0, -5.0, -5.0, -5.0, -5.0, -5.0, -5.0, -5.0, -5.0, -5.0, -5.0, -5.0, -5.0, -5.0, -5.0]",-125.0,-5.0,1541,-5.0,-5.0,-5.0,-5.0,-5.0
46,4600,"[62, 62, 60, 62, 62, 60, 62, 62, 62, 60, 62, 60, 62, 62, 62, 62, 62, 62, 19, 19, 19, 19, 62, 19, 19, 62, 53, 19, 38, 58, 62, 62, 61, 62, 62, 62, 62, 62, 59, 60, 62, 61, 62, 62, 61, 62, 62, 62, 62, 62, 62, 62, 62, 62, 61, 62, 62, 62, 62, 62, 62, 62, 60, 62, 62, 62, 62, 62, 62, 61, 62, 62, 58, 62, 62, 62, 62, 35, 19, 19, 62, 62, 62, 62, 62, 62, 62, 58, 62, 62, 60, 62, 62, 62, 62, 62, 62, 62, 47, 44]",272163,"[-5.0, -5.0, -5.0, -5.0, -5.0, -5.0, -5.0, -5.0, -5.0, -5.0, -5.0, -5.0, -5.0, -5.0, -5.0, -5.0, -5.0, -5.0, -5.0, -5.0, -5.0, -5.0, -5.0, -5.0, -5.0]",-125.0,-5.0,1450,-5.0,-5.0,-5.0,-5.0,-5.0
47,4700,"[33, 59, 35, 62, 62, 78, 61, 62, 62, 62, 62, 62, 62, 62, 62, 61, 62, 62, 62, 62, 54, 62, 62, 62, 62, 62, 62, 62, 62, 62, 62, 62, 62, 62, 61, 72, 37, 19, 38, 62, 44, 19, 19, 62, 63, 19, 19, 19, 52, 19, 62, 69, 70, 62, 62, 58, 62, 62, 62, 62, 62, 62, 62, 62, 62, 62, 62, 61, 62, 62, 62, 60, 60, 62, 62, 62, 62, 62, 62, 62, 20, 62, 62, 62, 46, 19, 62, 62, 62, 62, 62, 60, 62, 62, 62, 60, 62, 62, 62, 62]",277843,"[-5.0, -5.0, -5.0, -5.0, -5.0, -5.0, -5.0, -5.0, -5.0, -5.0, -5.0, -5.0, -5.0, -5.0, -5.0, -5.0, -5.0, -5.0, -5.0, -5.0, -5.0, -5.0, -5.0, -5.0, -5.0]",-125.0,-5.0,1446,-5.0,-5.0,-5.0,-5.0,-5.0
48,4800,"[62, 61, 62, 62, 61, 61, 62, 62, 62, 62, 62, 62, 62, 58, 60, 62, 62, 62, 62, 58, 62, 61, 62, 61, 38, 62, 48, 62, 62, 58, 62, 62, 62, 62, 61, 62, 59, 62, 58, 62, 62, 61, 62, 62, 62, 60, 62, 62, 62, 62, 62, 62, 62, 61, 62, 62, 62, 62, 60, 62, 62, 62, 62, 62, 62, 62, 62, 62, 58, 60, 61, 62, 60, 58, 62, 62, 62, 62, 59, 62, 61, 62, 62, 62, 62, 62, 59, 62, 61, 62, 62, 62, 62, 62, 62, 62, 54, 58, 62, 60]",283937,"[-5.0, -5.0, -5.0, -5.0, -5.0, -5.0, -5.0, -5.0, -5.0, -5.0, -5.0, -5.0, -5.0, -5.0, -5.0, -5.0, -5.0, -5.0, -5.0, -5.0, -5.0, -5.0, -5.0, -5.0, -5.0]",-125.0,-5.0,1607,-5.0,-5.0,-5.0,-5.0,-5.0
49,4900,"[62, 58, 58, 59, 56, 62, 62, 62, 61, 62, 62, 62, 62, 62, 62, 62, 62, 62, 62, 62, 62, 62, 62, 62, 60, 62, 62, 62, 57, 62, 62, 62, 60, 62, 62, 62, 62, 62, 62, 62, 60, 62, 62, 60, 60, 61, 62, 57, 62, 62, 62, 62, 62, 61, 61, 62, 61, 62, 61, 62, 62, 62, 62, 59, 62, 62, 62, 62, 62, 62, 62, 62, 61, 62, 62, 62, 62, 62, 62, 59, 62, 62, 60, 61, 61, 62, 62, 62, 58, 59, 58, 61, 62, 62, 62, 62, 59, 62, 62, 61]",290067,"[-5.0, -5.0, -5.0, -5.0, -5.0, -5.0, -5.0, -5.0, -5.0, -5.0, -5.0, -5.0, -5.0, -5.0, -5.0, -5.0, -5.0, -5.0, -5.0, -5.0, -5.0, -5.0, -5.0, -5.0, -5.0]",-125.0,-5.0,1579,-5.0,-5.0,-5.0,-5.0,-5.0
50,5000,"[62, 60, 62, 62, 62, 62, 61, 62, 57, 62, 62, 62, 59, 62, 19, 62, 53, 62, 42, 62, 58, 62, 62, 62, 61, 62, 62, 62, 62, 62, 62, 60, 62, 62, 62, 62, 62, 62, 62, 62, 62, 62, 62, 62, 62, 60, 62, 62, 62, 58, 62, 62, 62, 62, 62, 62, 62, 62, 62, 60, 62, 62, 60, 62, 60, 62, 62, 62, 62, 62, 62, 62, 62, 62, 62, 62, 62, 62, 62, 62, 62, 62, 60, 61, 62, 59, 62, 57, 62, 62, 62, 62, 60, 62, 62, 61, 62, 62, 62, 62]",296151,"[-5.0, -5.0, -5.0, -5.0, -5.0, -5.0, -5.0, -5.0, -5.0, -5.0, -5.0, -5.0, -5.0, -5.0, -5.0, -5.0, -5.0, -5.0, -5.0, -5.0, -5.0, -5.0, -5.0, -5.0, -5.0]",-125.0,-5.0,1557,-5.0,-5.0,-5.0,-5.0,-5.0
51,5100,"[62, 60, 62, 62, 62, 62, 61, 62, 58, 60, 62, 62, 62, 62, 62, 62, 62, 62, 62, 62, 62, 62, 62, 58, 60, 61, 60, 62, 62, 62, 60, 62, 59, 61, 62, 62, 62, 60, 62, 58, 62, 62, 62, 58, 62, 62, 62, 62, 62, 60, 62, 62, 60, 62, 62, 62, 62, 62, 62, 62, 58, 60, 62, 62, 62, 62, 62, 62, 62, 58, 62, 62, 62, 62, 62, 62, 62, 62, 62, 62, 62, 62, 62, 50, 62, 60, 62, 62, 62, 62, 62, 62, 62, 62, 62, 58, 62, 62, 62, 62]",302285,"[-5.0, -5.0, -5.0, -5.0, -5.0, -5.0, -5.0, -5.0, -5.0, -5.0, -5.0, -5.0, -5.0, -5.0, -5.0, -5.0, -5.0, -5.0, -5.0, -5.0, -5.0, -5.0, -5.0, -5.0, -5.0]",-125.0,-5.0,1562,-5.0,-5.0,-5.0,-5.0,-5.0
52,5200,"[59, 56, 62, 78, 62, 62, 60, 60, 62, 61, 62, 62, 62, 62, 62, 62, 62, 62, 62, 62, 62, 62, 62, 62, 62, 62, 62, 62, 62, 62, 62, 62, 62, 62, 60, 62, 62, 60, 62, 58, 62, 62, 21, 19, 38, 19, 62, 62, 62, 61, 62, 60, 62, 62, 62, 62, 59, 62, 60, 62, 62, 62, 62, 62, 62, 62, 62, 62, 61, 62, 62, 62, 62, 62, 62, 62, 58, 62, 61, 62, 54, 21, 38, 62, 62, 56, 62, 62, 62, 62, 62, 62, 61, 62, 62, 62, 60, 37, 38, 19]",308140,"[-5.0, -5.0, -5.0, -5.0, -5.0, -5.0, -5.0, -5.0, -5.0, -5.0, -5.0, -5.0, -5.0, -5.0, -5.0, -5.0, -5.0, -5.0, -5.0, -5.0, -5.0, -5.0, -5.0, -5.0, -5.0]",-125.0,-5.0,1484,-5.0,-5.0,-5.0,-5.0,-5.0
53,5300,"[62, 19, 19, 47, 19, 62, 66, 62, 60, 62, 62, 62, 62, 62, 62, 62, 62, 62, 62, 61, 60, 62, 44, 19, 53, 19, 38, 20, 62, 19, 62, 41, 62, 62, 62, 62, 62, 62, 60, 62, 62, 62, 62, 62, 62, 62, 62, 62, 62, 62, 62, 62, 62, 62, 60, 62, 62, 62, 62, 62, 62, 56, 62, 76, 62, 60, 62, 58, 60, 62, 62, 62, 62, 62, 62, 62, 61, 62, 58, 62, 60, 62, 62, 62, 62, 62, 62, 62, 62, 62, 62, 62, 59, 62, 62, 62, 62, 62, 62, 62]",313938,"[-5.0, -5.0, -5.0, -5.0, -5.0, -5.0, -5.0, -5.0, -5.0, -5.0, -5.0, -5.0, -5.0, -5.0, -5.0, -5.0, -5.0, -5.0, -5.0, -5.0, -5.0, -5.0, -5.0, -5.0, -5.0]",-125.0,-5.0,1503,-5.0,-5.0,-5.0,-5.0,-5.0
54,5400,"[62, 62, 62, 62, 56, 62, 61, 62, 62, 62, 62, 62, 62, 62, 62, 62, 62, 61, 62, 62, 62, 62, 62, 60, 62, 60, 62, 39, 19, 19, 33, 36, 19, 38, 65, 62, 62, 33, 20, 38, 19, 62, 62, 62, 62, 62, 59, 62, 62, 62, 62, 62, 62, 62, 62, 62, 62, 62, 62, 62, 62, 61, 62, 62, 59, 62, 62, 61, 62, 62, 62, 62, 62, 62, 62, 62, 62, 62, 62, 60, 60, 62, 62, 60, 62, 62, 62, 61, 62, 58, 62, 62, 62, 62, 62, 62, 62, 54, 57, 19]",319685,"[-5.0, -5.0, -5.0, -5.0, -5.0, -5.0, -5.0, -5.0, -5.0, -5.0, -5.0, -5.0, -5.0, -5.0, -5.0, -5.0, -5.0, -5.0, -5.0, -5.0, -5.0, -5.0, -5.0, -5.0, -5.0]",-125.0,-5.0,1460,-5.0,-5.0,-5.0,-5.0,-5.0
55,5500,"[62, 20, 19, 27, 19, 19, 47, 62, 58, 62, 62, 58, 56, 62, 57, 62, 62, 62, 62, 62, 62, 62, 62, 60, 62, 62, 62, 62, 62, 61, 58, 62, 56, 62, 60, 62, 62, 62, 58, 62, 62, 62, 62, 59, 62, 46, 19, 19, 59, 62, 62, 62, 62, 62, 62, 62, 62, 62, 62, 62, 62, 62, 62, 62, 62, 62, 62, 62, 62, 62, 62, 62, 62, 62, 62, 62, 62, 62, 59, 62, 62, 62, 62, 62, 62, 62, 60, 62, 60, 62, 62, 62, 61, 62, 62, 62, 62, 62, 62, 57]",325505,"[-5.0, -5.0, -5.0, -5.0, -5.0, -5.0, -5.0, -5.0, -5.0, -5.0, -5.0, -5.0, -5.0, -5.0, -5.0, -5.0, -5.0, -5.0, -5.0, -5.0, -5.0, -5.0, -5.0, -5.0, -5.0]",-125.0,-5.0,1477,-5.0,-5.0,-5.0,-5.0,-5.0
56,5600,"[57, 62, 62, 62, 62, 57, 62, 62, 62, 57, 62, 56, 62, 62, 62, 62, 62, 19, 52, 20, 62, 91, 62, 59, 62, 62, 62, 62, 62, 62, 62, 62, 62, 60, 62, 62, 62, 62, 62, 62, 61, 62, 61, 62, 62, 58, 62, 62, 58, 62, 39, 45, 35, 19, 62, 19, 62, 62, 62, 62, 60, 58, 62, 62, 62, 56, 58, 62, 62, 62, 62, 62, 62, 62, 61, 62, 62, 60, 59, 62, 62, 62, 62, 62, 62, 62, 62, 62, 62, 62, 62, 62, 59, 62, 62, 62, 62, 62, 62, 62]",331425,"[-5.0, -5.0, -5.0, -5.0, -5.0, -5.0, -5.0, -5.0, -5.0, -5.0, -5.0, -5.0, -5.0, -5.0, -5.0, -5.0, -5.0, -5.0, -5.0, -5.0, -5.0, -5.0, -5.0, -5.0, -5.0]",-125.0,-5.0,1536,-5.0,-5.0,-5.0,-5.0,-5.0
57,5700,"[60, 62, 62, 62, 62, 61, 60, 62, 62, 62, 62, 62, 62, 62, 59, 57, 62, 62, 62, 62, 62, 62, 62, 62, 62, 62, 62, 62, 62, 60, 62, 56, 59, 62, 62, 62, 62, 62, 62, 62, 59, 62, 62, 62, 62, 50, 58, 62, 37, 54, 62, 23, 20, 62, 58, 62, 58, 62, 62, 62, 62, 62, 62, 62, 58, 62, 62, 62, 62, 41, 61, 38, 62, 19, 52, 38, 19, 38, 38, 44, 98, 62, 62, 62, 62, 62, 62, 62, 62, 62, 45, 22, 19, 33, 19, 55, 62, 27, 66, 62]",337050,"[-5.0, -5.0, -5.0, -5.0, -5.0, -5.0, -5.0, -5.0, -5.0, -5.0, -5.0, -5.0, -5.0, -5.0, -5.0, -5.0, -5.0, -5.0, -5.0, -5.0, -5.0, -5.0, -5.0, -5.0, -5.0]",-125.0,-5.0,1474,-5.0,-5.0,-5.0,-5.0,-5.0
58,5800,"[62, 62, 62, 62, 62, 57, 62, 62, 62, 62, 62, 62, 62, 60, 62, 62, 62, 62, 62, 59, 62, 62, 62, 62, 62, 62, 53, 62, 62, 62, 62, 62, 62, 27, 48, 19, 19, 19, 62, 67, 62, 62, 62, 62, 62, 62, 60, 62, 62, 60, 62, 62, 62, 62, 62, 62, 62, 33, 56, 35, 57, 55, 62, 41, 19, 62, 62, 62, 62, 62, 60, 62, 62, 61, 62, 62, 62, 60, 53, 19, 19, 62, 35, 38, 62, 62, 43, 35, 62, 62, 62, 62, 62, 62, 62, 62, 62, 62, 62, 51]",342708,"[-5.0, -5.0, -5.0, -5.0, -5.0, -5.0, -5.0, -5.0, -5.0, -5.0, -5.0, -5.0, -5.0, -5.0, -5.0, -5.0, -5.0, -5.0, -5.0, -5.0, -5.0, -5.0, -5.0, -5.0, -5.0]",-125.0,-5.0,1435,-5.0,-5.0,-5.0,-5.0,-5.0
59,5900,"[33, 38, 62, 62, 41, 19, 25, 62, 62, 62, 62, 62, 62, 62, 62, 62, 62, 62, 61, 62, 62, 62, 62, 62, 62, 62, 62, 62, 62, 62, 62, 60, 62, 62, 62, 62, 62, 62, 62, 60, 62, 61, 62, 60, 62, 62, 61, 62, 56, 62, 62, 62, 54, 62, 62, 62, 59, 62, 60, 60, 62, 62, 62, 62, 62, 62, 62, 62, 62, 62, 62, 62, 62, 62, 62, 62, 62, 58, 60, 62, 62, 62, 58, 62, 62, 62, 62, 62, 62, 62, 59, 60, 62, 62, 62, 62, 62, 62, 62, 62]",348709,"[-5.0, -5.0, -5.0, -5.0, -5.0, -5.0, -5.0, -5.0, -5.0, -5.0, -5.0, -5.0, -5.0, -5.0, -5.0, -5.0, -5.0, -5.0, -5.0, -5.0, -5.0, -5.0, -5.0, -5.0, -5.0]",-125.0,-5.0,1528,-5.0,-5.0,-5.0,-5.0,-5.0
60,6000,"[62, 62, 61, 62, 62, 56, 62, 62, 62, 62, 62, 19, 19, 62, 20, 49, 62, 62, 62, 62, 62, 62, 62, 62, 62, 62, 62, 62, 62, 62, 62, 62, 62, 62, 62, 62, 62, 62, 62, 62, 62, 62, 62, 61, 58, 62, 60, 62, 61, 62, 61, 62, 62, 61, 62, 60, 62, 62, 61, 62, 62, 62, 60, 61, 62, 62, 62, 62, 62, 61, 62, 62, 62, 62, 60, 60, 62, 62, 62, 58, 62, 61, 62, 62, 61, 62, 60, 62, 60, 62, 60, 62, 61, 62, 60, 58, 62, 62, 62, 62]",354721,"[-5.0, -5.0, -5.0, -5.0, -5.0, -5.0, -5.0, -5.0, -5.0, -5.0, -5.0, -5.0, -5.0, -5.0, -5.0, -5.0, -5.0, -5.0, -5.0, -5.0, -5.0, -5.0, -5.0, -5.0, -5.0]",-125.0,-5.0,1505,-5.0,-5.0,-5.0,-5.0,-5.0
61,6100,"[60, 62, 62, 62, 62, 57, 62, 62, 62, 62, 62, 62, 58, 62, 60, 62, 62, 62, 62, 62, 58, 57, 58, 62, 58, 62, 62, 62, 58, 62, 62, 62, 62, 60, 58, 56, 62, 62, 62, 62, 62, 62, 62, 58, 62, 62, 62, 62, 62, 62, 62, 62, 62, 62, 62, 60, 60, 62, 62, 62, 62, 62, 62, 62, 62, 62, 62, 62, 62, 62, 62, 47, 22, 19, 19, 19, 62, 37, 19, 62, 62, 62, 62, 60, 61, 62, 62, 62, 62, 62, 62, 58, 60, 62, 61, 62, 62, 60, 62, 61]",360602,"[-5.0, -5.0, -5.0, -5.0, -5.0, -5.0, -5.0, -5.0, -5.0, -5.0, -5.0, -5.0, -5.0, -5.0, -5.0, -5.0, -5.0, -5.0, -5.0, -5.0, -5.0, -5.0, -5.0, -5.0, -5.0]",-125.0,-5.0,1580,-5.0,-5.0,-5.0,-5.0,-5.0
62,6200,"[62, 62, 62, 62, 62, 62, 62, 62, 60, 62, 65, 68, 20, 52, 19, 19, 62, 19, 96, 62, 62, 62, 62, 60, 62, 62, 62, 60, 62, 61, 62, 62, 58, 62, 62, 19, 38, 62, 62, 62, 60, 62, 62, 62, 62, 62, 62, 62, 62, 62, 62, 62, 62, 62, 58, 59, 62, 61, 62, 19, 69, 64, 49, 19, 62, 62, 62, 62, 60, 62, 60, 62, 62, 62, 60, 62, 62, 62, 62, 62, 62, 62, 60, 62, 60, 61, 62, 62, 62, 60, 62, 62, 62, 62, 62, 62, 62, 62, 62, 62]",366473,"[-5.0, -5.0, -5.0, -5.0, -5.0, -5.0, -5.0, -5.0, -5.0, -5.0, -5.0, -5.0, -5.0, -5.0, -5.0, -5.0, -5.0, -5.0, -5.0, -5.0, -5.0, -5.0, -5.0, -5.0, -5.0]",-125.0,-5.0,1540,-5.0,-5.0,-5.0,-5.0,-5.0
63,6300,"[62, 62, 62, 62, 62, 62, 62, 62, 62, 62, 62, 62, 62, 62, 62, 60, 62, 62, 62, 62, 62, 62, 60, 62, 63, 62, 60, 62, 62, 62, 62, 60, 62, 62, 62, 55, 19, 19, 19, 61, 62, 62, 19, 19, 35, 62, 44, 22, 62, 62, 59, 62, 60, 62, 62, 62, 62, 62, 61, 62, 62, 62, 62, 43, 19, 37, 33, 54, 67, 60, 62, 62, 62, 61, 60, 62, 62, 62, 62, 62, 62, 60, 62, 62, 60, 62, 62, 61, 62, 62, 35, 19, 20, 62, 62, 37, 19, 62, 62, 62]",372043,"[-5.0, -5.0, -5.0, -5.0, -5.0, -5.0, -5.0, -5.0, -5.0, -5.0, -5.0, -5.0, -5.0, -5.0, -5.0, -5.0, -5.0, -5.0, -5.0, -5.0, -5.0, -5.0, -5.0, -5.0, -5.0]",-125.0,-5.0,1413,-5.0,-5.0,-5.0,-5.0,-5.0
64,6400,"[62, 61, 59, 62, 62, 61, 57, 62, 62, 59, 62, 62, 62, 47, 62, 71, 60, 62, 62, 62, 62, 62, 62, 62, 62, 62, 62, 60, 62, 62, 60, 62, 62, 62, 62, 45, 19, 19, 62, 62, 62, 62, 33, 19, 62, 62, 62, 62, 62, 62, 62, 62, 62, 62, 62, 60, 62, 62, 62, 62, 61, 62, 62, 62, 62, 61, 62, 62, 62, 62, 62, 62, 62, 62, 62, 62, 62, 62, 62, 62, 62, 62, 62, 62, 62, 62, 61, 62, 61, 62, 62, 62, 62, 61, 60, 62, 62, 62, 62, 62]",378034,"[-5.0, -5.0, -5.0, -5.0, -5.0, -5.0, -5.0, -5.0, -5.0, -5.0, -5.0, -5.0, -5.0, -5.0, -5.0, -5.0, -5.0, -5.0, -5.0, -5.0, -5.0, -5.0, -5.0, -5.0, -5.0]",-125.0,-5.0,1601,-5.0,-5.0,-5.0,-5.0,-5.0
65,6500,"[60, 61, 59, 62, 58, 62, 62, 62, 62, 62, 62, 59, 62, 62, 62, 58, 58, 60, 61, 62, 62, 62, 62, 62, 62, 62, 62, 62, 61, 62, 62, 62, 62, 62, 62, 62, 62, 62, 19, 66, 48, 19, 37, 19, 19, 62, 62, 19, 20, 62, 62, 62, 62, 62, 62, 62, 62, 60, 59, 62, 56, 62, 62, 62, 62, 62, 52, 62, 59, 58, 58, 62, 62, 62, 62, 62, 62, 62, 62, 62, 62, 62, 62, 62, 45, 19, 38, 19, 62, 35, 19, 19, 98, 46, 38, 20, 65, 62, 62, 62]",383602,"[-5.0, -5.0, -5.0, -5.0, -5.0, -5.0, -5.0, -5.0, -5.0, -5.0, -5.0, -5.0, -5.0, -5.0, -5.0, -5.0, -5.0, -5.0, -5.0, -5.0, -5.0, -5.0, -5.0, -5.0, -5.0]",-125.0,-5.0,1393,-5.0,-5.0,-5.0,-5.0,-5.0
66,6600,"[62, 62, 62, 62, 62, 62, 62, 62, 62, 62, 62, 33, 62, 54, 19, 19, 44, 62, 52, 62, 62, 62, 62, 62, 58, 62, 62, 62, 62, 62, 62, 60, 62, 62, 62, 62, 62, 22, 33, 56, 62, 62, 60, 60, 62, 57, 62, 62, 62, 62, 62, 54, 62, 61, 60, 62, 62, 62, 62, 66, 21, 62, 35, 19, 38, 19, 55, 19, 19, 74, 62, 62, 62, 62, 62, 62, 62, 61, 62, 62, 60, 62, 63, 62, 62, 62, 60, 62, 62, 62, 62, 62, 70, 62, 69, 62, 62, 62, 62, 62]",389306,"[-5.0, -5.0, -5.0, -5.0, -5.0, -5.0, -5.0, -5.0, -5.0, -5.0, -5.0, -5.0, -5.0, -5.0, -5.0, -5.0, -5.0, -5.0, -5.0, -5.0, -5.0, -5.0, -5.0, -5.0, -5.0]",-125.0,-5.0,1452,-5.0,-5.0,-5.0,-5.0,-5.0
67,6700,"[62, 62, 59, 59, 62, 60, 62, 62, 61, 62, 37, 38, 19, 38, 62, 24, 19, 62, 62, 62, 62, 62, 61, 62, 62, 62, 62, 62, 62, 60, 62, 62, 62, 60, 62, 62, 38, 62, 62, 62, 62, 62, 62, 60, 62, 62, 62, 62, 61, 62, 62, 62, 62, 62, 60, 61, 62, 62, 62, 62, 62, 62, 62, 62, 65, 62, 62, 62, 62, 56, 62, 62, 62, 56, 62, 62, 62, 62, 62, 62, 60, 62, 62, 20, 19, 38, 19, 19, 38, 35, 36, 19, 19, 62, 19, 19, 62, 62, 60, 62]",394808,"[-5.0, -5.0, -5.0, -5.0, -5.0, -5.0, -5.0, -5.0, -5.0, -5.0, -5.0, -5.0, -5.0, -5.0, -5.0, -5.0, -5.0, -5.0, -5.0, -5.0, -5.0, -5.0, -5.0, -5.0, -5.0]",-125.0,-5.0,1402,-5.0,-5.0,-5.0,-5.0,-5.0
68,6800,"[62, 62, 62, 62, 62, 62, 62, 60, 60, 62, 62, 62, 62, 60, 62, 62, 62, 61, 62, 58, 58, 62, 62, 62, 62, 62, 62, 58, 60, 62, 62, 62, 62, 57, 62, 62, 27, 19, 19, 62, 49, 19, 55, 62, 62, 64, 62, 62, 62, 62, 62, 60, 62, 62, 62, 62, 62, 60, 62, 62, 61, 19, 38, 19, 43, 62, 62, 62, 62, 62, 62, 62, 61, 62, 62, 58, 62, 62, 62, 62, 61, 62, 43, 56, 19, 19, 19, 62, 59, 19, 19, 62, 62, 62, 35, 62, 62, 60, 62, 61]",400387,"[-5.0, -5.0, -5.0, -5.0, -5.0, -5.0, -5.0, -5.0, -5.0, -5.0, -5.0, -5.0, -5.0, -5.0, -5.0, -5.0, -5.0, -5.0, -5.0, -5.0, -5.0, -5.0, -5.0, -5.0, -5.0]",-125.0,-5.0,1448,-5.0,-5.0,-5.0,-5.0,-5.0
69,6900,"[62, 62, 58, 58, 62, 57, 62, 60, 62, 70, 62, 112, 62, 22, 19, 62, 19, 63, 62, 62, 62, 60, 62, 60, 58, 58, 61, 62, 62, 62, 52, 62, 62, 62, 62, 58, 62, 62, 62, 62, 60, 62, 62, 62, 62, 62, 62, 62, 62, 60, 60, 62, 60, 62, 19, 37, 33, 38, 20, 62, 55, 62, 62, 56, 43, 62, 22, 62, 62, 62, 62, 62, 62, 62, 62, 62, 62, 62, 62, 62, 62, 62, 19, 45, 38, 19, 19, 62, 62, 75, 62, 62, 62, 62, 56, 61, 62, 62, 59, 60]",406066,"[-5.0, -5.0, -5.0, -5.0, -5.0, -5.0, -5.0, -5.0, -5.0, -5.0, -5.0, -5.0, -5.0, -5.0, -5.0, -5.0, -5.0, -5.0, -5.0, -5.0, -5.0, -5.0, -5.0, -5.0, -5.0]",-125.0,-5.0,1495,-5.0,-5.0,-5.0,-5.0,-5.0
70,7000,"[58, 62, 62, 62, 61, 62, 62, 62, 63, 62, 62, 19, 62, 62, 19, 62, 62, 62, 62, 62, 62, 62, 62, 62, 62, 62, 62, 62, 62, 61, 62, 62, 62, 62, 62, 62, 62, 62, 61, 61, 62, 57, 62, 62, 61, 62, 62, 62, 62, 62, 62, 61, 60, 62, 62, 62, 62, 62, 62, 62, 62, 62, 62, 57, 62, 62, 62, 62, 62, 58, 61, 62, 62, 62, 19, 62, 62, 62, 69, 62, 62, 62, 62, 60, 62, 62, 62, 62, 62, 62, 60, 62, 62, 62, 69, 73, 19, 72, 33, 62]",412070,"[-5.0, -5.0, -5.0, -5.0, -5.0, -5.0, -5.0, -5.0, -5.0, -5.0, -5.0, -5.0, -5.0, -5.0, -5.0, -5.0, -5.0, -5.0, -5.0, -5.0, -5.0, -5.0, -5.0, -5.0, -5.0]",-125.0,-5.0,1548,-5.0,-5.0,-5.0,-5.0,-5.0
71,7100,"[62, 62, 62, 62, 62, 59, 62, 62, 62, 62, 62, 62, 58, 56, 62, 62, 62, 62, 62, 51, 78, 62, 55, 62, 19, 62, 52, 62, 61, 62, 62, 62, 62, 62, 58, 62, 62, 59, 61, 62, 62, 62, 62, 62, 62, 60, 62, 62, 60, 62, 61, 62, 62, 62, 62, 19, 19, 38, 51, 19, 19, 19, 19, 19, 62, 63, 62, 62, 62, 62, 62, 59, 62, 62, 60, 62, 62, 62, 62, 62, 62, 62, 62, 19, 62, 62, 59, 60, 60, 62, 58, 62, 58, 62, 62, 62, 62, 62, 62, 40]",417768,"[-5.0, -5.0, -5.0, -5.0, -5.0, -5.0, -5.0, -5.0, -5.0, -5.0, -5.0, -5.0, -5.0, -5.0, -5.0, -5.0, -5.0, -5.0, -5.0, -5.0, -5.0, -5.0, -5.0, -5.0, -5.0]",-125.0,-5.0,1462,-5.0,-5.0,-5.0,-5.0,-5.0
72,7200,"[62, 62, 19, 19, 19, 56, 57, 62, 19, 38, 19, 19, 62, 62, 59, 62, 62, 62, 62, 62, 62, 61, 62, 62, 62, 62, 62, 62, 62, 38, 19, 52, 70, 62, 59, 62, 62, 58, 62, 62, 62, 62, 62, 57, 62, 62, 62, 59, 62, 62, 62, 58, 62, 63, 56, 62, 62, 62, 62, 62, 62, 62, 62, 62, 62, 62, 62, 62, 62, 62, 62, 62, 58, 62, 62, 62, 62, 62, 62, 62, 62, 62, 62, 62, 62, 62, 62, 62, 62, 62, 62, 62, 62, 62, 62, 60, 62, 62, 62, 19]",423529,"[-5.0, -5.0, -5.0, -5.0, -5.0, -5.0, -5.0, -5.0, -5.0, -5.0, -5.0, -5.0, -5.0, -5.0, -5.0, -5.0, -5.0, -5.0, -5.0, -5.0, -5.0, -5.0, -5.0, -5.0, -5.0]",-125.0,-5.0,1535,-5.0,-5.0,-5.0,-5.0,-5.0
73,7300,"[49, 62, 62, 40, 20, 19, 62, 19, 62, 62, 62, 62, 62, 62, 62, 62, 62, 62, 62, 62, 62, 62, 60, 38, 74, 39, 44, 19, 19, 19, 62, 20, 62, 62, 62, 62, 60, 62, 62, 62, 62, 62, 61, 62, 62, 62, 66, 63, 19, 19, 56, 19, 62, 53, 38, 62, 56, 70, 62, 61, 62, 62, 59, 62, 62, 62, 62, 62, 62, 62, 62, 62, 60, 62, 62, 36, 49, 57, 57, 62, 62, 61, 62, 62, 62, 62, 62, 62, 62, 62, 61, 58, 62, 62, 60, 62, 62, 44, 19, 62]",429052,"[-5.0, -5.0, -5.0, -5.0, -5.0, -5.0, -5.0, -5.0, -5.0, -5.0, -5.0, -5.0, -5.0, -5.0, -5.0, -5.0, -5.0, -5.0, -5.0, -5.0, -5.0, -5.0, -5.0, -5.0, -5.0]",-125.0,-5.0,1460,-5.0,-5.0,-5.0,-5.0,-5.0
74,7400,"[41, 19, 20, 19, 35, 19, 62, 134, 52, 19, 19, 75, 62, 62, 62, 62, 62, 62, 60, 62, 62, 62, 62, 62, 62, 62, 61, 61, 62, 62, 62, 55, 62, 62, 62, 62, 60, 62, 62, 62, 57, 62, 62, 62, 61, 62, 62, 62, 62, 62, 62, 62, 62, 62, 60, 62, 62, 22, 62, 62, 62, 62, 62, 62, 62, 62, 62, 61, 62, 62, 62, 58, 62, 61, 62, 58, 62, 62, 62, 62, 62, 62, 62, 62, 62, 62, 62, 60, 62, 62, 62, 62, 62, 62, 62, 62, 62, 62, 58, 62]",434945,"[-5.0, -5.0, -5.0, -5.0, -5.0, -5.0, -5.0, -5.0, -5.0, -5.0, -5.0, -5.0, -5.0, -5.0, -5.0, -5.0, -5.0, -5.0, -5.0, -5.0, -5.0, -5.0, -5.0, -5.0, -5.0]",-125.0,-5.0,1543,-5.0,-5.0,-5.0,-5.0,-5.0
75,7500,"[62, 58, 62, 30, 19, 62, 62, 62, 62, 62, 62, 62, 62, 62, 54, 62, 62, 58, 61, 60, 60, 62, 62, 62, 60, 62, 62, 62, 72, 19, 19, 19, 19, 19, 38, 48, 62, 61, 62, 60, 62, 62, 62, 62, 62, 62, 62, 62, 62, 33, 62, 19, 19, 38, 19, 19, 62, 42, 62, 62, 62, 58, 62, 62, 62, 62, 62, 62, 62, 62, 62, 62, 62, 62, 62, 62, 62, 62, 62, 62, 62, 59, 62, 62, 62, 62, 61, 62, 60, 58, 62, 60, 62, 60, 62, 62, 62, 44, 38, 19]",440453,"[-5.0, -5.0, -5.0, -5.0, -5.0, -5.0, -5.0, -5.0, -5.0, -5.0, -5.0, -5.0, -5.0, -5.0, -5.0, -5.0, -5.0, -5.0, -5.0, -5.0, -5.0, -5.0, -5.0, -5.0, -5.0]",-125.0,-5.0,1404,-5.0,-5.0,-5.0,-5.0,-5.0
76,7600,"[36, 38, 19, 20, 37, 19, 19, 62, 62, 62, 62, 62, 56, 60, 62, 62, 62, 62, 61, 62, 62, 62, 62, 62, 62, 62, 62, 62, 62, 62, 62, 62, 56, 58, 62, 60, 62, 62, 62, 62, 61, 62, 62, 62, 58, 62, 62, 62, 62, 62, 62, 62, 62, 62, 62, 62, 62, 62, 62, 62, 60, 61, 62, 60, 58, 62, 62, 62, 62, 62, 62, 61, 60, 59, 62, 62, 62, 62, 60, 62, 62, 62, 60, 61, 62, 62, 19, 19, 52, 66, 62, 62, 62, 62, 62, 60, 61, 62, 62, 62]",446266,"[-5.0, -5.0, -5.0, -5.0, -5.0, -5.0, -5.0, -5.0, -5.0, -5.0, -5.0, -5.0, -5.0, -5.0, -5.0, -5.0, -5.0, -5.0, -5.0, -5.0, -5.0, -5.0, -5.0, -5.0, -5.0]",-125.0,-5.0,1491,-5.0,-5.0,-5.0,-5.0,-5.0
77,7700,"[61, 62, 62, 54, 62, 63, 62, 62, 60, 61, 62, 62, 62, 62, 62, 62, 62, 62, 56, 60, 60, 62, 62, 62, 55, 62, 62, 60, 62, 62, 62, 62, 57, 62, 62, 46, 62, 19, 62, 62, 62, 62, 62, 62, 62, 62, 62, 62, 62, 62, 62, 62, 62, 62, 62, 62, 61, 60, 62, 62, 60, 62, 60, 62, 58, 62, 62, 62, 62, 62, 62, 61, 62, 62, 58, 62, 62, 62, 62, 62, 62, 59, 62, 62, 62, 62, 62, 62, 62, 62, 62, 62, 60, 62, 62, 62, 62, 62, 62, 60]",452349,"[-5.0, -5.0, -5.0, -5.0, -5.0, -5.0, -5.0, -5.0, -5.0, -5.0, -5.0, -5.0, -5.0, -5.0, -5.0, -5.0, -5.0, -5.0, -5.0, -5.0, -5.0, -5.0, -5.0, -5.0, -5.0]",-125.0,-5.0,1567,-5.0,-5.0,-5.0,-5.0,-5.0
78,7800,"[62, 62, 62, 62, 62, 62, 62, 60, 62, 62, 62, 62, 62, 62, 62, 62, 62, 62, 62, 60, 62, 62, 62, 62, 62, 59, 62, 62, 62, 61, 61, 62, 61, 62, 60, 62, 62, 62, 62, 62, 60, 62, 62, 60, 62, 62, 62, 62, 62, 62, 62, 62, 62, 58, 62, 56, 62, 62, 62, 62, 62, 62, 62, 62, 59, 62, 60, 58, 62, 61, 62, 62, 62, 62, 62, 62, 62, 58, 62, 62, 61, 60, 60, 62, 60, 62, 62, 62, 62, 62, 62, 62, 62, 59, 62, 62, 62, 62, 62, 62]",458499,"[-5.0, -5.0, -5.0, -5.0, -5.0, -5.0, -5.0, -5.0, -5.0, -5.0, -5.0, -5.0, -5.0, -5.0, -5.0, -5.0, -5.0, -5.0, -5.0, -5.0, -5.0, -5.0, -5.0, -5.0, -5.0]",-125.0,-5.0,1651,-5.0,-5.0,-5.0,-5.0,-5.0
79,7900,"[62, 62, 62, 62, 62, 62, 62, 60, 62, 62, 61, 60, 62, 59, 62, 42, 62, 62, 62, 58, 62, 62, 56, 62, 59, 62, 62, 62, 62, 58, 62, 62, 58, 61, 62, 62, 62, 61, 57, 62, 62, 62, 59, 62, 62, 62, 62, 62, 62, 62, 58, 62, 62, 62, 62, 62, 62, 62, 62, 62, 62, 62, 62, 62, 62, 54, 49, 62, 62, 62, 61, 62, 62, 53, 62, 62, 62, 56, 62, 62, 62, 62, 62, 62, 62, 69, 62, 56, 62, 62, 62, 62, 62, 62, 62, 62, 62, 62, 62, 62]",464600,"[-5.0, -5.0, -5.0, -5.0, -5.0, -5.0, -5.0, -5.0, -5.0, -5.0, -5.0, -5.0, -5.0, -5.0, -5.0, -5.0, -5.0, -5.0, -5.0, -5.0, -5.0, -5.0, -5.0, -5.0, -5.0]",-125.0,-5.0,1573,-5.0,-5.0,-5.0,-5.0,-5.0
80,8000,"[62, 62, 62, 24, 62, 62, 62, 53, 62, 58, 62, 60, 62, 61, 62, 61, 62, 62, 62, 62, 62, 58, 62, 62, 59, 62, 62, 62, 53, 62, 48, 19, 19, 62, 38, 62, 58, 62, 62, 62, 62, 62, 62, 62, 62, 62, 62, 58, 61, 61, 62, 62, 62, 62, 62, 62, 60, 56, 62, 62, 61, 62, 62, 62, 62, 62, 62, 60, 62, 62, 62, 62, 62, 62, 31, 62, 113, 58, 60, 62, 62, 62, 62, 62, 62, 62, 62, 62, 62, 62, 62, 62, 61, 62, 62, 62, 62, 62, 60, 62]",470595,"[-5.0, -5.0, -5.0, -5.0, -5.0, -5.0, -5.0, -5.0, -5.0, -5.0, -5.0, -5.0, -5.0, -5.0, -5.0, -5.0, -5.0, -5.0, -5.0, -5.0, -5.0, -5.0, -5.0, -5.0, -5.0]",-125.0,-5.0,1525,-5.0,-5.0,-5.0,-5.0,-5.0
81,8100,"[60, 62, 50, 58, 62, 62, 62, 62, 61, 62, 62, 61, 62, 62, 62, 62, 98, 23, 57, 62, 61, 62, 58, 62, 62, 62, 62, 62, 61, 61, 62, 59, 62, 62, 62, 59, 62, 62, 62, 62, 62, 62, 60, 62, 62, 62, 62, 57, 62, 62, 62, 58, 62, 62, 62, 62, 62, 62, 56, 62, 59, 62, 62, 62, 62, 62, 62, 62, 62, 62, 60, 62, 61, 62, 62, 62, 61, 62, 62, 62, 62, 62, 62, 62, 62, 62, 62, 62, 62, 62, 62, 62, 62, 62, 62, 62, 62, 20, 19, 19]",476602,"[-5.0, -5.0, -5.0, -5.0, -5.0, -5.0, -5.0, -5.0, -5.0, -5.0, -5.0, -5.0, -5.0, -5.0, -5.0, -5.0, -5.0, -5.0, -5.0, -5.0, -5.0, -5.0, -5.0, -5.0, -5.0]",-125.0,-5.0,1588,-5.0,-5.0,-5.0,-5.0,-5.0
82,8200,"[33, 19, 65, 62, 62, 62, 62, 61, 62, 60, 62, 62, 59, 61, 62, 62, 62, 61, 62, 64, 62, 33, 19, 57, 38, 38, 62, 62, 62, 62, 62, 62, 62, 62, 62, 62, 62, 62, 62, 62, 62, 62, 62, 62, 62, 61, 62, 62, 62, 62, 60, 62, 62, 62, 60, 62, 62, 61, 61, 62, 62, 57, 62, 62, 56, 62, 58, 62, 62, 62, 62, 58, 62, 62, 62, 62, 62, 62, 62, 62, 62, 62, 62, 62, 62, 62, 62, 62, 62, 62, 62, 62, 62, 62, 62, 62, 62, 55, 58, 62]",482565,"[-5.0, -5.0, -5.0, -5.0, -5.0, -5.0, -5.0, -5.0, -5.0, -5.0, -5.0, -5.0, -5.0, -5.0, -5.0, -5.0, -5.0, -5.0, -5.0, -5.0, -5.0, -5.0, -5.0, -5.0, -5.0]",-125.0,-5.0,1526,-5.0,-5.0,-5.0,-5.0,-5.0
83,8300,"[62, 62, 62, 56, 62, 62, 62, 62, 62, 62, 62, 62, 62, 62, 62, 60, 62, 62, 62, 62, 62, 62, 62, 62, 62, 56, 62, 62, 62, 62, 62, 62, 60, 62, 60, 62, 60, 62, 62, 62, 61, 60, 62, 62, 62, 62, 62, 62, 62, 62, 62, 62, 60, 62, 62, 62, 62, 62, 62, 56, 60, 62, 62, 62, 62, 62, 62, 54, 62, 60, 62, 62, 62, 62, 62, 62, 61, 62, 60, 62, 62, 62, 62, 62, 62, 62, 62, 62, 62, 62, 60, 62, 62, 62, 62, 62, 62, 60, 62, 62]",488715,"[-5.0, -5.0, -5.0, -5.0, -5.0, -5.0, -5.0, -5.0, -5.0, -5.0, -5.0, -5.0, -5.0, -5.0, -5.0, -5.0, -5.0, -5.0, -5.0, -5.0, -5.0, -5.0, -5.0, -5.0, -5.0]",-125.0,-5.0,1578,-5.0,-5.0,-5.0,-5.0,-5.0
84,8400,"[62, 62, 62, 62, 62, 62, 62, 62, 62, 62, 62, 62, 60, 62, 62, 62, 62, 62, 60, 62, 62, 62, 62, 62, 62, 60, 56, 62, 62, 60, 60, 62, 62, 62, 62, 62, 62, 62, 62, 60, 62, 58, 47, 19, 49, 38, 64, 62, 62, 62, 62, 62, 62, 58, 59, 62, 62, 62, 62, 62, 62, 62, 62, 62, 62, 62, 58, 59, 62, 62, 62, 62, 62, 62, 62, 62, 61, 62, 62, 62, 62, 61, 61, 62, 59, 62, 40, 62, 19, 19, 65, 62, 62, 62, 62, 62, 61, 62, 62, 62]",494674,"[-5.0, -5.0, -5.0, -5.0, -5.0, -5.0, -5.0, -5.0, -5.0, -5.0, -5.0, -5.0, -5.0, -5.0, -5.0, -5.0, -5.0, -5.0, -5.0, -5.0, -5.0, -5.0, -5.0, -5.0, -5.0]",-125.0,-5.0,1529,-5.0,-5.0,-5.0,-5.0,-5.0
85,8500,"[62, 62, 62, 62, 62, 60, 60, 62, 62, 62, 62, 62, 62, 62, 19, 19, 60, 62, 62, 62, 57, 60, 62, 62, 62, 62, 62, 62, 62, 60, 62, 62, 62, 62, 62, 62, 62, 62, 58, 62, 19, 19, 62, 62, 61, 38, 62, 62, 62, 62, 60, 62, 62, 62, 62, 62, 62, 62, 62, 62, 58, 62, 61, 60, 60, 62, 62, 56, 62, 60, 62, 56, 60, 62, 62, 62, 62, 62, 62, 62, 59, 62, 57, 68, 62, 62, 60, 62, 61, 60, 57, 62, 62, 62, 62, 62, 62, 62, 62, 62]",500619,"[-5.0, -5.0, -5.0, -5.0, -5.0, -5.0, -5.0, -5.0, -5.0, -5.0, -5.0, -5.0, -5.0, -5.0, -5.0, -5.0, -5.0, -5.0, -5.0, -5.0, -5.0, -5.0, -5.0, -5.0, -5.0]",-125.0,-5.0,1578,-5.0,-5.0,-5.0,-5.0,-5.0
86,8600,"[62, 62, 62, 62, 62, 62, 62, 62, 62, 62, 62, 61, 62, 62, 62, 62, 62, 62, 62, 62, 62, 62, 62, 60, 62, 62, 62, 60, 56, 61, 62, 62, 62, 62, 58, 62, 62, 62, 62, 62, 61, 59, 62, 62, 62, 62, 62, 62, 57, 19, 19, 62, 62, 56, 61, 62, 62, 62, 62, 62, 62, 61, 62, 62, 62, 62, 62, 62, 62, 61, 62, 62, 62, 59, 62, 62, 62, 62, 62, 62, 61, 62, 62, 62, 37, 19, 69, 39, 19, 62, 19, 54, 37, 62, 62, 60, 62, 58, 62, 62]",506486,"[-5.0, -5.0, -5.0, -5.0, -5.0, -5.0, -5.0, -5.0, -5.0, -5.0, -5.0, -5.0, -5.0, -5.0, -5.0, -5.0, -5.0, -5.0, -5.0, -5.0, -5.0, -5.0, -5.0, -5.0, -5.0]",-125.0,-5.0,1505,-5.0,-5.0,-5.0,-5.0,-5.0
87,8700,"[62, 60, 60, 62, 62, 62, 58, 62, 62, 62, 63, 62, 36, 46, 62, 59, 62, 60, 62, 62, 62, 62, 62, 55, 58, 62, 62, 62, 62, 62, 60, 62, 62, 62, 27, 62, 19, 69, 20, 60, 62, 62, 62, 59, 62, 61, 62, 62, 62, 60, 62, 62, 62, 62, 62, 72, 19, 38, 19, 19, 38, 62, 19, 19, 19, 40, 62, 62, 62, 62, 62, 62, 62, 60, 59, 62, 62, 62, 62, 60, 62, 62, 46, 38, 35, 19, 62, 58, 61, 62, 43, 62, 62, 62, 60, 60, 62, 62, 60, 61]",512032,"[-5.0, -5.0, -5.0, -5.0, -5.0, -5.0, -5.0, -5.0, -5.0, -5.0, -5.0, -5.0, -5.0, -5.0, -5.0, -5.0, -5.0, -5.0, -5.0, -5.0, -5.0, -5.0, -5.0, -5.0, -5.0]",-125.0,-5.0,1396,-5.0,-5.0,-5.0,-5.0,-5.0
88,8800,"[62, 62, 62, 62, 62, 62, 60, 62, 62, 62, 62, 62, 62, 62, 58, 62, 58, 59, 62, 62, 62, 62, 58, 62, 62, 62, 62, 62, 60, 62, 62, 62, 62, 62, 60, 58, 62, 62, 62, 62, 62, 62, 62, 61, 58, 62, 62, 62, 62, 62, 62, 62, 62, 57, 62, 19, 62, 28, 20, 52, 70, 71, 62, 62, 62, 62, 59, 62, 62, 62, 59, 62, 60, 62, 62, 62, 62, 62, 57, 62, 62, 19, 62, 38, 19, 62, 62, 26, 22, 62, 62, 58, 62, 62, 62, 62, 59, 62, 57, 62]",517874,"[-5.0, -5.0, -5.0, -5.0, -5.0, -5.0, -5.0, -5.0, -5.0, -5.0, -5.0, -5.0, -5.0, -5.0, -5.0, -5.0, -5.0, -5.0, -5.0, -5.0, -5.0, -5.0, -5.0, -5.0, -5.0]",-125.0,-5.0,1472,-5.0,-5.0,-5.0,-5.0,-5.0
89,8900,"[62, 62, 62, 62, 62, 62, 62, 62, 62, 62, 60, 62, 62, 62, 62, 62, 62, 61, 56, 62, 62, 62, 62, 61, 62, 62, 62, 62, 62, 62, 62, 58, 62, 62, 62, 62, 62, 60, 60, 62, 62, 62, 62, 62, 62, 62, 60, 61, 58, 62, 62, 62, 62, 62, 57, 62, 47, 61, 60, 62, 62, 62, 62, 56, 62, 60, 62, 60, 62, 62, 60, 62, 62, 62, 62, 49, 62, 62, 62, 62, 62, 62, 58, 62, 59, 62, 62, 62, 62, 62, 62, 60, 62, 62, 60, 62, 62, 62, 62, 62]",523990,"[-5.0, -5.0, -5.0, -5.0, -5.0, -5.0, -5.0, -5.0, -5.0, -5.0, -5.0, -5.0, -5.0, -5.0, -5.0, -5.0, -5.0, -5.0, -5.0, -5.0, -5.0, -5.0, -5.0, -5.0, -5.0]",-125.0,-5.0,1542,-5.0,-5.0,-5.0,-5.0,-5.0
90,9000,"[62, 62, 62, 62, 62, 58, 59, 61, 62, 60, 62, 62, 62, 62, 62, 62, 62, 62, 62, 58, 62, 62, 62, 62, 62, 62, 62, 58, 62, 62, 60, 62, 62, 60, 58, 62, 59, 60, 61, 62, 62, 62, 60, 61, 62, 62, 62, 61, 62, 62, 62, 62, 62, 62, 62, 62, 56, 62, 61, 62, 62, 62, 62, 62, 60, 62, 61, 62, 62, 64, 57, 20, 19, 62, 62, 58, 30, 63, 62, 62, 59, 62, 62, 62, 62, 60, 62, 62, 62, 60, 62, 62, 61, 62, 62, 49, 62, 37, 19, 19]",529889,"[-5.0, -5.0, -5.0, -5.0, -5.0, -5.0, -5.0, -5.0, -5.0, -5.0, -5.0, -5.0, -5.0, -5.0, -5.0, -5.0, -5.0, -5.0, -5.0, -5.0, -5.0, -5.0, -5.0, -5.0, -5.0]",-125.0,-5.0,1520,-5.0,-5.0,-5.0,-5.0,-5.0
91,9100,"[33, 62, 62, 57, 62, 62, 62, 62, 58, 59, 62, 62, 62, 62, 54, 61, 62, 62, 62, 62, 62, 62, 56, 60, 56, 62, 62, 61, 62, 62, 62, 59, 62, 62, 61, 62, 62, 62, 62, 62, 62, 62, 62, 62, 62, 58, 62, 62, 62, 62, 62, 62, 62, 60, 62, 62, 61, 62, 62, 62, 37, 62, 98, 37, 19, 62, 73, 62, 59, 62, 62, 62, 60, 62, 62, 62, 62, 62, 62, 60, 62, 58, 62, 62, 62, 19, 62, 62, 62, 19, 62, 62, 62, 62, 57, 59, 62, 58, 62, 62]",535858,"[-5.0, -5.0, -5.0, -5.0, -5.0, -5.0, -5.0, -5.0, -5.0, -5.0, -5.0, -5.0, -5.0, -5.0, -5.0, -5.0, -5.0, -5.0, -5.0, -5.0, -5.0, -5.0, -5.0, -5.0, -5.0]",-125.0,-5.0,1533,-5.0,-5.0,-5.0,-5.0,-5.0
92,9200,"[62, 61, 58, 58, 62, 62, 77, 62, 71, 19, 76, 60, 65, 62, 62, 62, 62, 62, 62, 62, 62, 62, 62, 62, 62, 59, 62, 62, 62, 62, 62, 62, 62, 62, 62, 62, 62, 62, 62, 58, 62, 56, 58, 62, 62, 62, 59, 62, 62, 62, 62, 65, 19, 59, 62, 45, 19, 26, 62, 19, 62, 62, 23, 19, 62, 62, 62, 62, 62, 62, 58, 62, 62, 62, 62, 56, 62, 62, 66, 60, 19, 19, 98, 62, 62, 62, 62, 62, 60, 62, 60, 62, 60, 62, 62, 61, 62, 62, 62, 62]",541696,"[-5.0, -5.0, -5.0, -5.0, -5.0, -5.0, -5.0, -5.0, -5.0, -5.0, -5.0, -5.0, -5.0, -5.0, -5.0, -5.0, -5.0, -5.0, -5.0, -5.0, -5.0, -5.0, -5.0, -5.0, -5.0]",-125.0,-5.0,1530,-5.0,-5.0,-5.0,-5.0,-5.0
93,9300,"[62, 62, 62, 62, 47, 72, 62, 19, 62, 19, 62, 62, 62, 62, 62, 62, 62, 61, 61, 62, 62, 62, 62, 62, 62, 62, 62, 62, 76, 58, 62, 62, 61, 62, 62, 56, 62, 62, 60, 62, 62, 62, 60, 62, 59, 62, 62, 62, 62, 62, 62, 48, 60, 61, 62, 62, 62, 62, 62, 61, 62, 62, 62, 62, 62, 62, 62, 62, 62, 62, 62, 62, 62, 58, 62, 62, 62, 62, 62, 62, 56, 62, 62, 62, 62, 62, 58, 62, 60, 62, 61, 62, 62, 62, 62, 62, 58, 62, 62, 62]",547760,"[-5.0, -5.0, -5.0, -5.0, -5.0, -5.0, -5.0, -5.0, -5.0, -5.0, -5.0, -5.0, -5.0, -5.0, -5.0, -5.0, -5.0, -5.0, -5.0, -5.0, -5.0, -5.0, -5.0, -5.0, -5.0]",-125.0,-5.0,1548,-5.0,-5.0,-5.0,-5.0,-5.0
94,9400,"[62, 62, 62, 62, 62, 62, 62, 62, 62, 62, 62, 62, 62, 62, 60, 62, 62, 62, 62, 62, 62, 58, 62, 62, 62, 60, 62, 62, 62, 62, 61, 62, 62, 62, 61, 62, 62, 62, 62, 62, 62, 62, 62, 62, 62, 62, 62, 62, 62, 62, 62, 60, 60, 65, 19, 57, 58, 62, 40, 19, 38, 62, 62, 62, 62, 62, 61, 62, 58, 62, 58, 62, 62, 58, 62, 60, 62, 62, 62, 62, 62, 62, 62, 62, 61, 58, 62, 62, 62, 62, 62, 62, 62, 62, 62, 62, 62, 62, 62, 62]",553788,"[-5.0, -5.0, -5.0, -5.0, -5.0, -5.0, -5.0, -5.0, -5.0, -5.0, -5.0, -5.0, -5.0, -5.0, -5.0, -5.0, -5.0, -5.0, -5.0, -5.0, -5.0, -5.0, -5.0, -5.0, -5.0]",-125.0,-5.0,1563,-5.0,-5.0,-5.0,-5.0,-5.0
95,9500,"[60, 58, 61, 61, 62, 62, 62, 62, 62, 62, 62, 62, 62, 62, 60, 62, 62, 62, 62, 60, 62, 62, 62, 62, 62, 62, 62, 62, 62, 62, 62, 60, 62, 62, 62, 62, 56, 62, 62, 62, 62, 61, 62, 61, 61, 61, 62, 62, 62, 33, 62, 59, 19, 27, 62, 61, 62, 62, 62, 62, 62, 61, 62, 62, 62, 62, 62, 39, 62, 41, 62, 62, 68, 62, 62, 75, 62, 62, 59, 62, 62, 62, 62, 62, 61, 62, 62, 41, 94, 50, 62, 62, 52, 62, 62, 62, 62, 62, 60, 62]",559810,"[-5.0, -5.0, -5.0, -5.0, -5.0, -5.0, -5.0, -5.0, -5.0, -5.0, -5.0, -5.0, -5.0, -5.0, -5.0, -5.0, -5.0, -5.0, -5.0, -5.0, -5.0, -5.0, -5.0, -5.0, -5.0]",-125.0,-5.0,1523,-5.0,-5.0,-5.0,-5.0,-5.0
96,9600,"[60, 59, 60, 62, 62, 62, 62, 62, 62, 62, 62, 62, 62, 62, 62, 64, 62, 62, 62, 59, 62, 62, 62, 57, 62, 62, 62, 62, 59, 56, 21, 19, 38, 19, 54, 19, 60, 62, 62, 62, 62, 59, 62, 62, 61, 62, 62, 60, 62, 56, 62, 62, 59, 62, 62, 60, 62, 62, 62, 62, 62, 22, 48, 19, 19, 66, 62, 50, 44, 62, 68, 62, 62, 62, 62, 62, 62, 61, 60, 62, 62, 60, 57, 62, 62, 61, 62, 62, 62, 62, 62, 62, 62, 62, 62, 62, 62, 62, 62, 62]",565596,"[-5.0, -5.0, -5.0, -5.0, -5.0, -5.0, -5.0, -5.0, -5.0, -5.0, -5.0, -5.0, -5.0, -5.0, -5.0, -5.0, -5.0, -5.0, -5.0, -5.0, -5.0, -5.0, -5.0, -5.0, -5.0]",-125.0,-5.0,1502,-5.0,-5.0,-5.0,-5.0,-5.0
97,9700,"[62, 62, 62, 62, 64, 62, 62, 62, 46, 62, 58, 62, 38, 35, 62, 58, 62, 62, 62, 62, 62, 62, 62, 60, 62, 62, 62, 62, 59, 62, 37, 62, 19, 19, 49, 45, 19, 70, 62, 62, 62, 62, 59, 62, 62, 62, 62, 62, 62, 58, 62, 62, 62, 56, 62, 62, 59, 19, 19, 19, 19, 19, 62, 20, 48, 47, 44, 19, 47, 62, 60, 62, 62, 62, 62, 62, 62, 61, 62, 62, 62, 62, 62, 61, 62, 44, 62, 48, 38, 19, 74, 102, 52, 62, 62, 62, 62, 62, 62, 62]",571103,"[-5.0, -5.0, -5.0, -5.0, -5.0, -5.0, -5.0, -5.0, -5.0, -5.0, -5.0, -5.0, -5.0, -5.0, -5.0, -5.0, -5.0, -5.0, -5.0, -5.0, -5.0, -5.0, -5.0, -5.0, -5.0]",-125.0,-5.0,1383,-5.0,-5.0,-5.0,-5.0,-5.0
98,9800,"[62, 62, 62, 62, 62, 62, 62, 62, 62, 62, 62, 62, 62, 61, 58, 62, 62, 61, 62, 62, 62, 62, 72, 76, 19, 19, 58, 19, 19, 62, 56, 62, 61, 62, 60, 62, 58, 62, 62, 60, 62, 62, 62, 62, 62, 62, 62, 59, 61, 61, 62, 62, 55, 62, 62, 62, 61, 62, 62, 62, 61, 58, 62, 60, 62, 62, 56, 62, 62, 62, 62, 58, 62, 58, 58, 60, 62, 62, 62, 21, 19, 27, 62, 62, 37, 19, 20, 62, 56, 62, 62, 60, 62, 61, 59, 62, 62, 62, 62, 62]",576849,"[-5.0, -5.0, -5.0, -5.0, -5.0, -5.0, -5.0, -5.0, -5.0, -5.0, -5.0, -5.0, -5.0, -5.0, -5.0, -5.0, -5.0, -5.0, -5.0, -5.0, -5.0, -5.0, -5.0, -5.0, -5.0]",-125.0,-5.0,1454,-5.0,-5.0,-5.0,-5.0,-5.0
99,9900,"[58, 62, 62, 62, 62, 62, 60, 62, 62, 62, 62, 60, 60, 62, 62, 62, 36, 20, 62, 62, 43, 68, 62, 62, 59, 62, 60, 62, 62, 62, 62, 62, 61, 62, 62, 62, 62, 62, 62, 62, 60, 62, 60, 58, 62, 60, 62, 62, 62, 62, 62, 60, 62, 62, 62, 62, 56, 62, 60, 62, 62, 62, 62, 62, 62, 62, 62, 62, 62, 62, 58, 62, 62, 62, 62, 62, 62, 60, 62, 58, 62, 62, 62, 62, 58, 62, 62, 62, 62, 62, 62, 62, 60, 62, 62, 62, 62, 62, 63, 19]",582874,"[-5.0, -5.0, -5.0, -5.0, -5.0, -5.0, -5.0, -5.0, -5.0, -5.0, -5.0, -5.0, -5.0, -5.0, -5.0, -5.0, -5.0, -5.0, -5.0, -5.0, -5.0, -5.0, -5.0, -5.0, -5.0]",-125.0,-5.0,1506,-5.0,-5.0,-5.0,-5.0,-5.0
100,10000,"[62, 98, 24, 62, 62, 62, 57, 62, 62, 62, 62, 62, 62, 62, 62, 62, 62, 62, 62, 59, 62, 62, 62, 62, 62, 62, 62, 56, 62, 62, 61, 62, 61, 60, 62, 60, 62, 62, 60, 59, 62, 62, 60, 62, 58, 62, 62, 62, 62, 62, 62, 62, 58, 62, 62, 60, 62, 60, 60, 62, 62, 62, 62, 62, 60, 62, 62, 62, 62, 58, 62, 62, 62, 24, 19, 62, 63, 62, 62, 62, 61, 62, 62, 62, 62, 62, 60, 60, 60, 62, 61, 62, 62, 62, 59, 69, 62, 62, 62, 62]",588941,"[-5.0, -5.0, -5.0, -5.0, -5.0, -5.0, -5.0, -5.0, -5.0, -5.0, -5.0, -5.0, -5.0, -5.0, -5.0, -5.0, -5.0, -5.0, -5.0, -5.0, -5.0, -5.0, -5.0, -5.0, -5.0]",-125.0,-5.0,1509,-5.0,-5.0,-5.0,-5.0,-5.0
